Cultura,Umidade_Solo,pH_Solo,Temperatura,Nivel_Nutrientes,Rendimento_Colheita
Soja,74.86078789766634,6.27630931584925,28.7325569026441,6.015396458780654,28.865074414847005
Soja,32.57393756249947,7.367513715822015,32.758725936413626,7.692168526022315,26.3997358877911
Acai,67.1189003378403,6.6418578975197695,26.04962462687374,4.1785152952321045,26.94885578103151
Soja,34.424625102595975,5.402045685351922,31.5078243339669,6.66588593310595,26.245020884878855
Acai,65.56448573320358,7.127649250551171,37.93852277598046,7.946829105627295,28.08163195669411
Soja,35.99326836668414,6.5350323263469985,21.21569323861472,6.989470346923309,30.405340812317764
Acai,59.061370196118844,5.197152969168144,22.2417709474316,6.445725450541266,28.762837678335746
Soja,45.58555380447055,5.340672776598887,23.494392121304507,7.835955298650949,29.597273168845778
Acai,55.15194371296573,5.693509876506471,36.24655227550926,5.754744139720085,26.91828705474542
Acai,78.18054446394787,7.085072711362036,33.054143624813165,5.517764296840862,28.57155466773867
Acai,65.72778674390685,7.002433791002027,26.421105735453658,3.778073869345412,25.36064634696771
Acai,73.95893070238478,6.379777533279631,31.940679184793762,8.115284527475822,32.42072386125853
Soja,61.00662989007684,7.08408941256328,25.5987768744401,3.9534490060161214,27.945277674509725
Acai,86.97366039697123,5.5801513977029344,27.89518271866526,3.926953224029555,29.684136000105664
Acai,61.67007037926925,6.041563392620303,34.87062495483957,6.97031209586374,29.27864431454661
Soja,44.24202471887338,5.359286395457754,24.005424052541322,3.5347465926960995,24.83749768956375
Soja,46.147823647062296,7.7767055387203285,32.02592124604688,4.111173407204808,24.201108803431257
Soja,68.07553158587362,7.504790710397897,27.733940428688754,6.368907527757142,30.472455824639606
Acai,75.9775563154909,4.971819624539146,35.80794930174196,5.0064070739324915,28.249691427695055
Acai,61.7071005932923,5.336279617243659,27.982736752205017,3.883653381312546,27.610045368142945
Acai,60.684506076866285,6.001810713464122,32.054823305833395,3.986433174473272,26.57146312597538
Soja,67.53073758204292,5.298324178278035,34.54731567617817,7.358770290678029,29.06209832201111
Acai,68.08004602944459,6.921212711600109,32.378223308301045,3.2363510021569164,25.14827572468598
Soja,59.1828055925436,7.751940726386728,29.292355190144217,8.739687726500748,32.88221804799116
Soja,33.68982823676994,6.785233792100764,32.11768912911888,4.5557805531946425,25.42483647448453
Acai,83.29568543451187,6.810474635271288,32.831052527949396,8.682968777401488,33.53142381533737
Acai,69.98196871409914,6.686943184967449,30.005751139448968,8.558782787737108,32.31824926428419
Soja,78.58910413604804,6.131852489313868,28.886116769892766,8.562005807545772,30.86429414490331
Acai,53.919174505809714,6.771930621403317,27.960532380152813,5.587403218749348,25.980912906741715
Soja,49.46008393670816,7.452330685215323,32.66255673453796,8.74844088071628,30.849116104174108
Acai,70.66579449186311,4.718705506103711,31.97838045264426,5.511643649509979,27.937859129511942
Acai,84.05381775598858,5.715308083582699,33.30607791805935,4.883252980334823,29.977130454951823
Acai,73.0073957990338,4.895145085737281,32.54472656211572,5.955212284285736,28.407601926459808
Acai,69.8145538265757,5.580701756401284,33.819570411625065,6.340709465569128,30.263350516571283
Soja,74.38520913791498,6.624902643982601,34.27717678134859,5.885837339316742,28.869222880461024
Acai,50.81029500202045,5.544286779504864,24.868052091828492,7.237476975331573,28.969907644765915
Acai,73.06261919466493,6.621259431800095,23.473071777319607,7.934287267112126,31.27508240133919
Soja,31.797113689837104,7.725351684000885,27.76567465077067,8.370706444239218,27.898029902301005
Soja,60.750361334958484,5.455024639198253,24.034901066526466,5.726264007359765,29.15183641273261
Acai,74.33143144902097,6.849595239895878,24.58180481688614,8.007430741533767,31.879346431836503
Acai,69.55681823864202,4.686609678494108,36.33079644190046,7.9856950263304105,29.874740652958057
Acai,64.12850228198087,6.762744779046242,35.830931949893824,7.128273342444773,28.926833154559095
Acai,87.3227599186481,6.439376224913792,24.64455184228732,5.039831182759489,30.305462274067676
Acai,55.22625320902365,6.920080559084218,31.014325611402242,6.621172839006726,27.224875519779683
Acai,73.9862990260763,4.662996104468712,33.9741495948197,6.425264501036858,29.56610355195408
Soja,38.526206184364575,7.999153019858392,28.944048177230798,6.662002699865511,26.664977818071275
Soja,34.206998249752445,5.1554706104672805,20.368803746882023,5.594987269980792,24.848589838693105
Soja,61.46993190676312,6.002731672450882,32.26751324262533,4.116608507077664,28.213326664070337
Acai,57.467970288310326,6.561057799509728,23.298386856579825,8.224014204753106,29.90577218205889
Acai,51.77567898009047,6.186218383207713,32.68416946565045,3.2415480180553926,23.87258256229743
Soja,41.3247887598969,6.573534168710764,23.897053715962397,7.835552400705727,31.069961254893254
Acai,64.00478727785271,5.749697485446877,27.226227990814575,4.507015605290408,27.756890787509633
Acai,90.9254574921759,6.858616956783174,31.755158802441855,4.651435086222049,27.614612891094655
Acai,55.44612502183369,6.783023770486176,31.55448489584483,8.60249653800882,30.44937424945518
Acai,77.31903104234394,4.902824552706827,34.684129817165,5.956917507196947,28.362659866722126
Soja,62.48164495236073,5.372891670456634,29.81766821421703,8.902073551580482,32.81478468409678
Soja,72.650472773368,6.872713987741976,29.249754717811072,3.8226582343739945,26.687508868689672
Soja,36.10191174223894,7.862153081776167,28.092369385630057,7.254277570334596,27.209884725710037
Acai,73.37236367767719,7.218333006397492,31.76011867327177,6.2281362321834175,29.087185217450692
Acai,85.92711532332586,5.058407693260044,33.18318125579817,4.388283818261089,28.38091836240298
Acai,53.57329630893633,7.398142515386032,33.886103898687026,8.524437902055812,28.600013798877608
Soja,48.1814801189647,5.8077296928481426,27.20879865989972,8.954901012950252,31.509411808998088
Soja,77.7432640331597,6.612186808813769,34.637978837286965,6.863425521246784,29.178791078098346
Acai,89.4690761458185,5.204920214987858,31.16171572611236,7.833892832180052,33.08345922657601
Acai,52.941477090397335,7.040906562621181,32.78431870494068,8.084327583428243,27.844797768767492
Soja,59.21571559615501,7.18456626861081,24.868787448504055,3.800879834495663,28.1410310319722
Soja,54.63125521454296,6.149415584748493,33.964230432604666,8.598679988061345,32.57675385814968
Soja,35.97971229691508,5.41648151794823,34.14097661202688,7.154616907946218,26.84586902288063
Soja,53.43303209970631,5.140897900325165,30.147700786658696,5.527488319764432,27.10612777627693
Acai,80.28349800774946,6.841096509020645,35.03903565664863,3.251491300297545,25.44666318994444
Soja,60.321452982979494,5.1901249114183035,27.329647856069986,5.6370701317974605,29.056552905419537
Acai,71.26220097529311,7.4435775874923475,35.67958431298359,3.064866501811178,23.77118072565933
Soja,30.253079192310935,5.763921964291292,24.104399994224988,6.717527729386978,27.343593641959693
Acai,88.24889171662979,4.716949425773816,32.50809701559291,3.8644727160791974,27.569333644400327
Soja,73.86696766904905,7.005929659773293,33.980421582650266,7.9348833818061655,31.144542798542936
Acai,59.21965733678206,5.464487103743646,27.00651830741837,8.0406484706352,31.01926290425473
Soja,56.1366414690997,7.002673215563082,23.30729313605263,4.644963999358835,29.45414641437626
Acai,80.54014805026542,6.862647257576338,26.335083173061847,8.826905444209714,32.8087544763297
Acai,59.56899693669932,7.006440677226584,26.626999140735197,3.7529177807949043,24.959299782205512
Acai,89.70873657833025,5.44004375275543,25.43050372789063,4.050738840782119,28.72864942962505
Acai,71.20792253291741,6.323256366758168,22.898817237559022,6.306959771498232,29.734845929624008
Acai,89.27392278047576,7.041182480951699,33.499833885656486,5.656788819262425,29.08588485654618
Acai,79.44316485462329,5.448810449187921,25.188325383468815,5.2043443721824225,29.29007180213473
Acai,59.16949066074601,6.157502902223667,28.384565082278954,6.406363907586328,28.414891301867204
Soja,78.65052773762227,5.419317129878868,25.963915969441913,6.056532768898738,28.06741691788719
Soja,48.7435289761852,6.067018149394848,20.72318058290834,6.5266161651731895,29.765462012617505
Acai,63.01601473876946,5.612823024473295,35.39391404529044,8.94199382276189,31.980660777244154
Soja,49.4338644844741,7.11223930429767,33.10515671279508,5.120528275816309,26.97356458665519
Acai,65.9647081326193,7.352785783507645,24.503627456057608,5.446488630016393,25.831846249529857
Soja,74.77616142481003,7.678015133230924,27.11946313624721,4.214883360991425,25.229299799975493
Soja,66.59969709057026,5.928582848858984,33.09418753814612,3.153852394838614,25.671621293369792
Acai,71.09455844590276,5.4087471864995775,36.25368855973035,8.571783372692364,32.20610616288673
Acai,80.42799029339453,6.715792374396992,34.23105164920807,3.149829972702298,26.27793804612489
Acai,61.63793756996174,5.343013496726141,37.440245911271546,7.003274023165086,30.215707530785913
Soja,35.50259622638384,6.453568955573064,32.14274112087317,8.74575170703228,30.843865291085645
Acai,72.8335372423014,5.24202094745725,33.56380403582087,7.152067535679928,31.519126583467596
Soja,73.15517129377967,6.377407268714784,31.795175216233282,4.391682576695852,28.193052521296785
Soja,52.72705323838866,5.319794759401315,28.167336469412746,5.749121320427356,28.507671584768474
Acai,70.66693387279463,7.370399446452859,36.32553742645071,5.9235921246003045,27.082626535656804
Soja,79.30005319114355,5.410656890206422,30.389389283392468,5.641193987732944,25.476063490615235
Acai,89.61416429670172,5.536025856734664,24.49930509898595,5.357370653359074,30.368086302094223
Acai,93.40144942553653,6.911875522657561,37.321296241341074,4.052949764288144,26.76482891781141
Acai,81.85257937533959,5.722629093097293,27.54438668724349,5.907227970480065,32.42320913012861
Soja,48.318092164684586,7.526356769407126,34.56587367748052,3.6085249706952993,24.093663905851354
Soja,35.038900068871335,6.119927948839258,34.570926410624594,7.9067119791416705,28.904889447324134
Soja,49.25488643009626,7.819496370840426,27.22283527268825,4.291211232103425,25.20447787887745
Acai,71.69184761504371,7.354289431085497,36.42838445673966,3.7122545730546688,24.366715612950177
Acai,66.10092193964488,6.001203437130604,32.66340876042937,5.579911284726358,28.992051909807987
Acai,54.22357781705103,5.664497118380987,30.52006506265571,8.373377088791033,30.559968631218403
Acai,72.15464660005318,7.095887276726737,25.379709303566898,5.65264220807832,27.623732668308445
Acai,67.11802470366844,6.818764445628345,28.28369189234266,4.592978444574434,27.207719172113883
Acai,67.86567685567363,7.431923723974511,27.60832854857859,8.818341796787863,31.264208042744134
Soja,54.625884690943195,6.569196274307358,20.46701124326767,5.556500303342229,30.44499724233179
Soja,71.43687545759647,5.4091144267603095,31.524101207967774,7.683153091463171,29.343627444740644
Soja,45.21211214797688,6.129390100634149,22.708630176910003,6.884848284927618,30.71978962217632
Acai,91.24858561285433,5.121227427632566,22.498385484694257,8.748708053516602,33.18754417925557
Acai,91.09791264093064,5.22119673868052,28.797613485889393,3.6981509109869752,28.94816040508192
Acai,75.18900576372721,4.5130898089509275,36.92336813012418,5.749941567525452,27.980491557826806
Soja,77.69642885012937,5.904133622492426,31.648952791876127,7.401686283368412,28.20425725739635
Soja,72.9206375921506,5.879443190783039,26.46331285492709,6.695912701561074,28.52061693173563
Acai,52.33804598994208,5.7086198478979115,32.37607712189901,5.750588544788628,27.718568803119105
Acai,54.344051158794834,6.841128370712941,23.336869400171036,8.612907081164973,30.279016096566444
Soja,53.67358853902829,6.990612116050132,26.939344351089744,5.592461297665176,29.19491910588129
Soja,38.85553397035245,6.130833288274722,22.782882735546817,5.484778515173562,28.500508550253848
Soja,74.35432121325587,5.463088145822607,31.24477747614387,8.778690669535044,31.514478633981543
Soja,38.718321450249576,7.947135850725819,28.099780695737834,4.828074834588245,24.502461629738484
Acai,63.556936734200015,4.697084576863097,25.864589467226907,3.370850764135336,24.873666108261805
Soja,44.09273873866999,5.665916485798848,28.894262771523913,6.390131957154097,28.67174096252498
Soja,57.33551396716398,6.56092310271138,33.05148310851395,3.260475197128915,28.5309002640154
Soja,34.683738391404624,5.1994888021003325,26.48502201563903,4.819650885405573,24.577685207206933
Acai,88.90536242852015,5.435591573750649,36.02111093027698,7.007207440204881,31.685247530557294
Soja,35.39457134966522,5.122605848799436,25.25187888750095,8.36514524798471,28.90353440767354
Acai,73.07004766803874,7.331104778460663,30.944948559145637,7.9124413769043045,30.740863489568866
Soja,61.75468254338219,5.256049004235932,25.189024888204443,3.7290082578055084,27.167008141148198
Soja,79.50269250521316,5.935166203386645,31.96338650955782,8.066142496437696,29.142949229221
Acai,84.90253329163974,6.96760438315259,29.204067938286244,8.708668953978552,33.72482009618725
Soja,33.55943242301145,5.076159066981035,23.708466116047656,7.3968092685975035,27.16347098512542
Soja,57.840063122917506,7.3820755678108885,26.45458842349194,7.809222671297937,32.1010431124981
Acai,73.24576828006906,5.278625349528271,30.66817542828101,7.433200062798196,31.852535972539208
Soja,43.567451588694794,5.638892484526732,34.76125203798943,4.421223353846893,26.102829338459532
Soja,74.85551299762886,6.743714664267837,34.533167829285375,3.810997734928937,25.973232786358402
Soja,64.80148983374865,6.600383275928964,27.373918201121555,5.9271242635581745,31.30002780959127
Soja,32.2613644455269,7.265411767020857,27.198134304558632,8.039167817200322,29.538701463197622
Soja,62.93468158094725,5.629716779286757,26.579231287843857,8.168219978180616,32.543954419434705
Soja,33.177917514301186,5.986254830862524,33.18677461343247,5.980601153155016,25.863009610133595
Acai,77.35573463408167,6.403091066615062,34.264240792521356,7.834287154009307,32.2606614862702
Soja,70.50566973395904,7.539356875203555,32.90183595783807,7.710099263022341,28.706538240943
Soja,61.1649063413779,7.940097725856431,21.341165034683893,5.345435975433088,26.84452475208721
Acai,64.26259645060037,6.623164050802583,28.269749971008416,5.5797457186789305,28.111991386740176
Soja,61.556931299863145,5.490967828597114,26.140010094725646,6.6913166293860655,29.491489716464535
Soja,32.1579955975288,7.197716291630751,33.177733419520216,4.638424859836874,23.519019375005946
Soja,42.464611457443745,6.382336304098177,22.60842873829231,6.114358745449622,29.042388413426536
Soja,71.7651247794619,5.458577417552996,32.26950536178593,8.108549746470574,29.79498710289986
Soja,69.74056517708243,5.492797393792979,33.411488055187014,4.83752172471967,26.41448402339494
Acai,50.07042973361628,4.786197831939631,30.288129062474,5.892792593519051,26.686721592303112
Acai,54.69011612637564,4.728717653920693,26.05235813636344,6.280174092432781,27.21657554628376
Acai,87.16901957186369,4.6570650605624175,28.841621339253397,4.0242501798748815,27.350593123254775
Acai,63.49636001781431,5.952231209130605,25.557780875970725,6.5712770047612485,30.509747418144517
Acai,68.99154170574376,5.34743623193108,26.35113663069518,6.670986120619329,29.52600774212649
Soja,55.91648261818683,7.231838877718031,26.828302236227017,5.929446822130669,29.967242354612114
Soja,63.606777370293926,5.851327717396173,22.379076579396106,6.322813444274257,29.716879632811125
Soja,45.84610025781389,6.004716843971258,21.877786883038258,4.447208745597249,27.036936862500394
Soja,61.292995785711824,6.786155051960131,20.601637871187236,6.874864875931236,31.88442846451287
Acai,71.81133292085211,4.832994296373944,29.72863516094224,3.822890928916459,26.922575949431884
Soja,52.007624686980066,5.387478245454485,24.729355067459153,6.1509803020023615,29.29055679870184
Acai,93.95601478297968,6.063888142962417,30.853939035996348,6.668781667353965,30.953020442828105
Soja,44.60723242676091,7.909743193443809,33.865942930647954,5.1097361234378065,24.727217711778973
Acai,63.78410744501957,5.9926195564383065,34.173621294892506,4.009221934599109,26.201319384258518
Soja,64.83685826820754,7.015678230796185,25.86622304977641,8.239937495164845,33.98220321741384
Acai,51.239152394125945,7.400536499397856,27.766829234263778,8.87012872234114,29.978265168988116
Acai,54.99452611460665,7.390497722662765,27.670799180688878,5.070502473079403,24.581145342838493
Soja,67.32457025590121,7.8950807319995375,30.207489531120697,7.170211373151319,29.594770361285935
Soja,78.10862742372709,5.8660812103121,34.991205886559996,6.431233627363119,26.868512356796245
Acai,57.81927169110847,5.6061215125943855,25.97413773989132,5.387194218104563,27.485870477010515
Soja,71.32287330538708,6.749124682909077,31.04603022598461,3.2118681296414344,25.589176194913815
Acai,74.45921978041908,5.721319467376883,28.361798056845927,4.814517067671218,29.892965979022705
Soja,56.96711209578254,7.244779071150975,21.94272381924206,7.383903061435476,30.965105967818
Acai,59.09070507811205,4.511459767975749,25.872353279694035,3.8580067359943584,24.589592790210936
Acai,90.9149092637702,5.848049226118926,31.401373937750428,8.158768048869874,33.668876374820975
Acai,59.14503909887392,6.900010445291044,31.709551288642224,4.266755655348224,24.908816266617197
Acai,69.95210064706345,5.843020276231255,22.289984656731676,4.727672056055955,29.067718071613243
Acai,61.77675576811577,6.982556766318909,32.76324790734237,4.7191172935627375,26.50584010040373
Soja,33.46806504375827,7.838346386400898,23.563149873858166,7.3558794599117725,26.9546909138154
Soja,62.59806297513003,6.414728565650475,22.454357317875036,7.6845695164106385,33.23370868621172
Acai,58.824397073227686,7.484457881897853,25.255563879961535,8.883409362364342,28.964451789372326
Acai,93.52069768666267,5.801452258729588,23.000420731885534,4.309245207313033,28.644344717850686
Soja,65.048456572956,5.816921979558106,20.44960384809017,7.829933998084618,32.79410828355637
Soja,49.65488623333802,7.3858019355796705,24.11322803523005,8.98018112311786,32.29980154534184
Acai,90.78145612344665,6.2205868543667195,26.007486380679985,8.983427399421616,34.62058614258215
Acai,55.122727706447066,5.930700319403909,27.91318719082837,3.3020971618161195,24.473763496970335
Soja,70.77307142274171,6.86626010068362,20.26810902100121,8.176782465259372,31.77308148076607
Acai,70.43007295382517,5.411827536765082,22.645613229755195,4.951267177657268,28.30666464867221
Acai,85.5043321964357,5.1140403271718515,25.003558491076035,8.275981294070844,33.59500522820213
Soja,55.26261862239286,5.544306305269392,20.550071404003145,7.565944560168563,31.42447968370558
Soja,71.62213204002109,7.798185450062039,34.160890095299195,8.733142175729608,29.922654952939038
Soja,39.40605798618807,6.770692000607261,21.097938856526653,3.812124493666113,24.678873700353854
Soja,77.53571532049581,6.608289099032361,28.12851421067537,5.875091265778385,29.45136771688857
Acai,86.22080495786474,6.053881583137737,32.77832667959852,7.296299839452867,32.282333525097755
Acai,56.388739539244725,6.9665396604492695,36.980489943502825,5.042469336685558,25.223055477458846
Acai,81.3154603175961,5.45276038578335,28.94433556334014,4.671858378690218,29.774220748125014
Acai,64.62968069442645,5.44688203129005,28.554736854015882,5.694232607580755,27.971613576445574
Soja,37.80093202212183,7.054193517661638,32.09841721792175,5.281173712715143,26.713882210081007
Soja,33.727532183988544,7.712476083481246,25.319332364611647,6.743155948059438,26.410747964581468
Acai,87.27121635967482,5.873098815477881,29.269526769082482,8.997346219502631,35.315195911110585
Soja,70.37200775820313,5.553563058069132,33.331221198034655,5.791233673702309,27.48859195906432
Acai,62.9212081138059,4.928627884018235,25.016649691988018,5.937746772301469,28.68174364676108
Soja,54.86242529461927,5.634344020989634,30.170242288385953,6.125747863632253,30.003670147784295
Soja,32.815163784091865,5.498850106268238,23.235127285965756,6.817064188249397,26.01779724276075
Soja,41.105390523536514,7.685620513061598,27.43813602618156,5.085429145433892,26.782682485263887
Acai,90.93320687464666,6.522390886608189,23.846314274862678,8.455051584321515,32.5959688075446
Acai,73.73298299552043,5.000859266241596,30.708063457819165,5.107316324092685,29.35843844044507
Soja,59.541663028450536,7.841850018835446,21.17867745732531,6.110448131671225,29.069850134264694
Acai,94.2849643566424,5.6319541618895785,33.72373559657864,4.498013716441381,28.288520067063104
Soja,44.679592213224666,7.463771914016038,24.37493868063955,5.366857671420211,27.028454211180918
Soja,34.65513839029496,5.971037709212731,21.010259022031576,4.049031763562475,24.39981537295809
Acai,79.06200738289179,5.775684556313082,25.98413977774544,6.241779190741843,32.80171499599301
Soja,46.4332272684958,7.8453599208864695,21.831648710150404,6.558266005120705,27.789166726001003
Soja,78.33274095218349,6.630658583341965,20.487892692368778,4.558879252470206,26.85706784642032
Soja,39.76214938990223,6.076491452370508,29.775002380638277,3.7842622604411966,25.21942516643843
Acai,89.31643670598552,7.254717260026311,30.112954347819493,8.630892949284927,31.962060211139885
Soja,75.12764533397834,5.079596611621459,22.514288244324764,3.031377681257476,24.07768873223274
Soja,48.60090428963916,7.490659593700975,22.54636857631311,7.800425812194957,29.68842387046262
Acai,63.27683184443703,7.351377511725888,33.07774275937693,5.240747670796232,25.540272179225692
Soja,65.40362888980228,7.17715852516508,27.34137445464711,7.58929956925277,32.17649080876151
Acai,87.41180814735694,4.940888128764629,28.59132952054563,5.467184933295275,29.944580248747595
Acai,94.72317750048641,5.085721808869476,26.404611415229763,6.443699196414062,30.609309181715723
Soja,56.00340105889054,7.014719586778399,20.36601172334807,6.301359252937571,31.235885319479394
Soja,75.37832369630465,5.361907613301803,34.92361733969653,3.41654305647656,24.02645738012637
Acai,53.19194972601981,5.127556396223784,34.66493124146192,8.39031879950421,29.644996169287484
Soja,79.34434683002587,6.044766401069901,24.308584874811224,5.710606072423374,29.016137876950996
Acai,94.05972221068195,5.385904432715498,29.85753167013064,5.6290716794900675,29.54665475776831
Acai,51.393010591370455,5.767887591040827,25.71229088494097,7.026558942515856,29.07193765654254
Soja,52.782837639285646,7.398247636906937,23.56316196311491,7.5930773939466585,31.073719275375073
Soja,60.79250490261082,6.243872371181071,26.382400016721128,4.4441562709950295,29.512405647483952
Acai,65.24872922024382,5.0703229493511826,34.86103272309515,6.407845783896483,28.004038270341717
Soja,74.36063712881634,5.384137516873317,34.86752939205465,5.569197689553689,25.51863884010289
Acai,89.14861218414583,4.575580241877688,34.84497495719201,8.425459748445391,32.300191890323894
Acai,55.879355472055835,7.016991983154032,37.37472235086119,5.248331823044259,24.723823741707314
Soja,76.23468091392814,5.512662762170198,29.489328397009224,6.845832464071992,29.310093898927278
Acai,76.62637230378465,6.0889791718368595,29.588080335631258,6.576491731429836,31.25840680123392
Acai,74.02853626464938,4.608056454874279,35.14929514536575,5.4192465367995135,27.55793073494644
Acai,88.50632422268927,6.36724092469799,33.23433753890927,3.041267773317896,27.401637173522182
Acai,71.7533346187916,4.655006164973884,27.67879457403216,3.5721655276380213,26.14848381100852
Acai,73.55259101184649,7.037764319033196,23.812856075639427,3.881531541502625,25.921029186345354
Acai,60.13926184780558,6.7602837667709075,23.08004074694115,7.0439652488743825,28.21668227104146
Soja,67.30224396327117,5.736047329043963,21.59889545461986,8.038813713813703,33.512074967635215
Acai,62.601679829772024,4.8606216873617285,35.74022846959156,7.434401855636235,29.23128637155043
Acai,61.712908590470136,6.092813035236281,26.92473330689193,7.9611513658365185,31.75439923638721
Acai,85.48013044639845,5.97859375334234,35.2568895664973,3.396991133006643,27.513721359260167
Acai,74.43610627809484,5.988776258647085,24.71565485723077,5.386106486598328,29.29506894182999
Soja,38.66471600354229,6.197008111610391,30.973842826329978,7.615338887028802,30.79091894969883
Soja,69.91475894833876,5.687754185697925,23.63067523793791,7.128808236519253,31.004397406439747
Acai,55.681913370402626,6.454919281431829,23.686291489724884,3.964077508271071,25.05378389306499
Acai,93.35274953960976,6.577597294611324,26.572133193483296,4.376194662226034,27.7491355814509
Soja,72.82449205941612,7.249881411197533,28.6801311285859,7.895681633811703,30.566350330429678
Acai,60.24873812464443,5.641553129609683,22.306317887949387,8.842802480142897,31.496117666710205
Acai,84.02961262775796,6.950338399516908,34.19684199201536,7.699787897736286,31.199682529068276
Acai,55.91701039540917,6.814880732935823,32.586948614397706,6.465790526066535,27.749896010015945
Soja,37.24474360456115,6.760523354062638,30.462071925039254,4.578675419465057,26.283283754809066
Acai,77.94178553652941,7.140470213764456,22.350613260400145,6.007653867754376,29.15459431925325
Acai,63.1498203707854,4.552657090099887,29.027369619995476,4.689696252633791,25.86341362682395
Acai,74.3357189743495,4.8160947667525695,36.73226573541372,8.45060731127625,31.63975011460751
Acai,53.60810063368565,7.2552792964362265,32.1182611892542,5.8535771509320496,25.446497711093908
Soja,77.02292921764572,6.38803935700882,33.02934751933416,7.9652273734012455,30.614323396133706
Soja,58.77370889379395,5.197125918285057,28.885254928900434,7.370944062969679,31.500446771383864
Acai,90.22953695035417,6.722712168456214,23.462263781308422,7.786393580089284,31.939039635931525
Soja,41.978094533348624,6.611319625455643,32.555199925455085,4.818770135671972,27.354806268495143
Acai,74.9170168411105,5.2959784126664005,27.470484449687845,7.543697869653005,32.451372535413995
Acai,56.26604170029178,6.031297467012696,27.647336055237705,7.90184344363102,30.718944984513477
Soja,68.49967765493054,7.7963548474508375,22.512238733886047,7.297940328376093,29.761407296311237
Acai,69.36923346444456,7.170423412188044,25.30003382137844,5.052645725181565,26.31853856133015
Acai,50.56733839890916,6.611571274902993,35.167740880668276,3.912291404546951,23.180641778685832
Soja,34.883605700319194,5.742044305229593,30.87150157293142,7.086707123789897,27.159620479197574
Soja,38.14672135407149,7.694162868322142,30.878864906227047,8.079086032141667,28.743428422824
Soja,71.13002803298292,6.517666036653398,28.51311272392337,6.073331524876047,30.26729560561572
Acai,77.08655439568092,4.52352477231575,30.124881023340464,7.409555084369365,30.366635902981738
Acai,80.05639994616322,7.392235249470325,31.707707595478983,4.579484079108067,27.433074675533486
Acai,83.44369394292215,6.742333219790082,30.307593132483284,3.902833626035985,28.12411271193744
Acai,93.01634730298937,7.4545752082874275,31.993824769832507,6.957035889907963,29.15775310646676
Acai,74.36334233064133,7.356665357092783,36.85091356982322,4.0256184145250895,25.320340012170934
Acai,63.92177230382519,5.166227612079962,31.339417403701823,4.969076896785672,27.422475467881828
Acai,74.37671655845018,6.304661637899472,30.44283945954712,8.38778788108673,32.36009736445447
Soja,77.07324043882626,6.202289182625978,30.996695336229216,8.90801843714705,32.21665827282953
Soja,50.980003121389494,7.212503744329245,29.880616632513142,7.792285149927448,31.235185298293338
Acai,76.71473560438423,6.1922220865005535,27.02122893159065,7.288519658663675,31.56618177358024
Acai,54.982426699684204,7.428041469837641,30.05011956082464,7.070999809755827,27.345915182329218
Acai,70.87696190097513,5.3838581890385795,34.015036773813094,4.957523508246881,28.21137153751778
Acai,94.13327046125431,5.370136595887311,25.14645735924734,6.179643521581397,30.076429837233462
Acai,60.77795764592921,4.726815121850253,30.910055090753534,6.46734667616453,27.67974627767586
Acai,73.46505600696153,6.843965567241915,24.747102523287193,4.274683663172838,26.349979052643043
Acai,85.75602254150857,5.597042244784114,28.65240165637315,8.426158649963144,34.42649139195165
Acai,64.85967791921739,7.287684160895562,32.81642060884076,8.173217841949132,29.671813453199057
Soja,55.81501741505977,7.803101044307045,30.71130398198642,6.968223666422486,29.284527445806056
Acai,62.16114614588525,6.9825189596196635,29.276229480842577,3.1422465218671105,23.386188027111064
Acai,89.50235351684184,5.929310959031374,26.337540060225052,8.936706785790339,34.47925927608452
Soja,59.544647159412094,5.855285506081541,24.30557199762369,7.904698250947149,32.849817133567846
Acai,64.14575509326868,6.432447664427748,30.613311092091415,5.797796477638913,28.6532631333243
Acai,68.43330027028544,4.500034904266099,37.982281792532646,8.490364395103335,30.549639941092607
Soja,45.717799053816336,5.5310314528302404,33.25678827445138,4.359938413361928,25.74409057175961
Acai,57.50870907644388,6.580854172421386,36.36670699132265,6.187764110105592,26.74890061503615
Soja,68.85734579637185,6.80155058130096,27.45762146012641,3.5316025780777034,27.13123330516258
Acai,74.24158090787213,6.257594365360557,33.21823351067958,5.440828805710341,27.818246127187503
Soja,68.08098076643589,6.0892468891959055,33.21306138798393,4.8331458639481415,28.159275760456303
Acai,88.95097155310485,5.4293635776272975,36.177494965011334,5.367433891913542,29.898548790813877
Soja,61.67018782552117,7.620735872320331,28.894099022625547,4.998011478349188,27.94039136935717
Soja,35.05613380613951,6.5770705469080575,30.002963863191567,6.620925999578729,28.696808696141023
Soja,47.040177012650894,7.004255409711939,25.055047646469294,6.330509695813717,28.881160465118263
Soja,44.046725484369034,6.051762676419791,26.32035503415605,7.9356859110820706,30.700788270177902
Soja,33.922819067113295,7.516694259337802,33.42224984090792,7.586235973330416,27.699017144513235
Soja,78.46512678095495,6.4890987416037085,31.967204732879516,8.236381502907612,31.650992435535148
Soja,46.89975784257679,6.628173330042788,30.53697455816156,8.41057195281254,32.11167864833746
Soja,35.853350821380296,5.773663056299607,33.01877441780033,3.38912156689781,23.596078333005952
Acai,78.66060428546345,4.612713271196722,31.2272383817241,8.067995454541347,31.886362186727865
Acai,71.94070371530229,7.179270615586245,22.829372785915666,3.3743644115896636,24.64404261299499
Acai,88.61796739207239,6.60762150460442,23.09533950933725,4.245245617234221,27.866826692357826
Soja,55.60465291496405,5.240701236984926,29.477202905250024,8.208340140644701,30.99667944380733
Acai,85.57294074236982,4.534253950362221,30.57496126163389,6.299211376657231,29.74229758687498
Acai,52.59414119895612,5.607842310646623,31.49053150463149,3.9781146828893172,25.87608778179975
Acai,68.8526505584364,5.61517219920703,32.46612379244598,7.103198711012059,30.57829022314649
Acai,55.17198486768051,6.407864121491185,32.10270273949402,8.307521329377682,29.651416966040244
Soja,35.9408958134036,7.214100849279111,29.883282053489857,7.713909708481392,27.966621958024323
Soja,78.16112697203056,6.428151206597299,31.735782260874103,3.157180251192389,23.929187508938902
Soja,35.79345297625649,5.774733164896875,34.249417759253376,6.28018447628442,26.880512305907683
Soja,39.32592551999271,5.482044119778667,27.612016006412542,8.583571287863498,30.298865355869285
Soja,70.90073829612466,6.3876041483994435,21.304801398671152,4.205602131954339,28.41381954288986
Acai,76.95403286797448,6.933371309800412,35.92843146031015,5.41443755579587,27.964389242295262
Soja,31.27095633720476,5.576867056426012,31.6937671035013,3.513949497578583,22.23074398653011
Soja,45.23068845866854,7.548942172032234,25.098124456520992,4.086896097208082,25.32732023908184
Soja,64.5468869051233,5.336116706504157,31.697680927267154,3.485515698307513,25.29477230756302
Soja,51.355389431312815,6.106740918709317,28.26286055913709,7.140029344923994,31.718434585480736
Acai,55.134310319957,6.721428395860557,28.912302841512094,4.538778366100596,25.376020775409035
Soja,36.87604720729966,7.596521377681941,28.118998680141654,7.16970653341477,27.819147695815328
Soja,55.71172192068058,5.8202212157921185,32.668240978026056,4.84373978955772,27.821860953372777
Soja,44.327062606414216,6.386017410932398,20.498046631870498,3.39991224336414,26.711217521161302
Acai,70.80330024502732,6.067729798010236,31.65819520895,4.64184250716463,27.14682338037311
Acai,67.34803571316151,6.841895152276671,25.662007399735984,5.503160511387459,27.078652823443896
Acai,70.82040222794271,6.139290948233542,31.33105286843356,7.903831873279421,32.13086006821204
Soja,62.16441092211766,6.359866504244083,23.159932835084998,6.936971026086429,33.410735260598194
Acai,59.8580964095836,4.719244686081045,32.37308811923353,6.193751255708727,27.244481193319338
Soja,75.41329429833269,5.260760864262271,30.62544465072552,3.2169622831485727,23.086152455616705
Soja,41.21346547302799,6.235522742441805,31.92214323124894,5.758802542615921,28.371745386431193
Soja,78.47923138822793,6.560490503335981,33.12052509026299,8.708420053239943,31.90703506096293
Acai,75.7297558421745,5.371513517014261,24.285471437029308,4.143658998446699,28.490885824418417
Soja,58.845194231317954,6.9955916620886,23.19657056037625,6.162248783469909,30.404775864349837
Soja,41.862454374840006,7.788587432743478,23.311544191831405,8.969197903018603,30.90221943654997
Soja,41.17979192597263,6.699213920890692,33.061301755058885,5.007067732451593,26.2066633221664
Soja,40.61695553391381,7.598191668501225,20.591402170527587,3.10939549605817,23.042488732329748
Soja,31.21579832157269,7.449798318414731,27.098148600373356,4.16773507092459,23.780631712890578
Acai,65.44253089276962,5.3474881979185565,25.054825361146296,6.94895894578544,30.1115759641669
Soja,69.75930973843518,6.352518114212396,25.09175288814209,4.044656012004506,28.615847861241893
Soja,77.36242886919294,5.0329874859754415,22.657246841710787,6.103614338649656,25.638342523617997
Acai,87.8651398888142,6.533439600930133,30.042099882082088,3.209469315937343,27.273680742713214
Acai,82.52664364438176,5.962883429001632,33.272870848439126,3.929551866860656,29.246868265604213
Soja,34.72214803779642,6.9319986297170475,32.81577640054368,6.0351161577109735,26.834533808970217
Soja,78.71974038330833,7.850712061462407,25.69678670268845,3.342328326907526,22.860560301715772
Soja,70.40601897822086,5.245277095846616,28.054616343401204,4.946002518692254,27.063146430464013
Soja,66.45035840204937,7.848561870972926,26.416597006037936,3.5742873331209704,25.158652461816267
Soja,66.75355219019428,7.399748256119568,29.851049968119383,3.960429809727438,26.042719928061267
Acai,69.34689848255667,5.75834398187194,32.5915031167019,7.963812898423475,31.681501080710934
Soja,32.58408605843039,7.1217159029401955,20.47379217238463,8.739008389796881,29.579027831404403
Acai,88.70628620072458,4.765814141909037,33.8061597573537,8.18795353114884,32.34042524060629
Acai,62.86025999866416,5.03776683572337,23.353046049555807,3.5011494880801126,24.30201541672493
Soja,65.18289296900119,6.0871816973499,30.20342363646937,5.02960503596699,28.380290190498098
Acai,82.37091300661214,6.639138151902956,25.204512285882014,3.562659157542099,27.07420311264663
Acai,55.42512873816606,6.017873723204795,23.231546710093987,3.460818289886529,24.32284715870265
Soja,68.82064803709984,6.191550588855364,27.796609228340266,4.224213807773393,27.867778731914512
Soja,59.16843825485798,6.167886842125929,29.867679569045542,5.302997711598264,30.26847951769436
Acai,63.60499622081722,4.807547892199423,32.39214287531916,3.0995548837955873,24.33610986295329
Soja,58.063859878474815,6.03700184997159,27.69032766524763,3.6246578963049982,27.976805335129534
Acai,54.861158935881114,7.443533510286883,28.007502855464004,4.035143261678172,24.59495629298712
Soja,70.63997836287513,5.619263815281809,33.022133815662585,7.731689788034439,30.330187040020995
Soja,63.009868835886564,6.000497515073432,33.07675349888302,6.6900778082332,31.161914848700036
Soja,78.18099885446264,7.7194163328936405,33.8127177172353,7.56173893873281,27.819524585910678
Acai,66.40671776888931,7.419234488916999,35.72837233611567,6.084572655307558,27.34060742297947
Acai,64.2542754680387,6.0333874177116895,28.950453104105755,4.097026679212902,26.750642372345357
Acai,70.71612220408669,6.53262680237686,37.057933000538775,8.768953947444672,32.00967006159914
Acai,89.20420170183735,4.87310519700153,27.710175602737763,8.574868303270124,32.68032968138855
Acai,65.31741969145276,6.251318341542335,31.54963003020415,3.9613536058590375,26.44289124066532
Soja,35.87631233885524,5.24839600377538,25.90796608481238,3.710017145540324,22.75177270696153
Acai,77.17079538272245,4.855507870794455,24.718096096811763,7.941741664493841,32.31367468643411
Acai,68.84569935833727,6.913311623038515,22.90537049834745,4.004946534564646,26.12592761075441
Soja,76.09371175115584,6.210448598637191,25.260677231775652,4.27226903944936,26.874181864983125
Soja,37.149584102641796,5.418068222218473,26.82109783450789,6.479902724568788,28.02713501017724
Soja,65.66223936114974,6.922624234409644,29.74469973488553,8.94753596221313,33.42504966007871
Soja,37.8218521335543,5.164284916466094,21.224449730458844,6.747981413125583,25.915860871425657
Soja,71.79900602561028,7.609689086186385,26.7847742677745,3.4930300048585643,24.634370517657178
Acai,56.6958186232302,6.951384426046755,36.74092019540761,4.356474426063376,23.70802837627386
Soja,34.69909699204345,6.0370879805117585,20.146562711287753,6.823208860849682,28.171348464871553
Soja,67.54355338957487,5.039005770532208,29.25717479906045,5.132307412114437,26.061848433923238
Acai,50.526797482890686,7.100311063518001,34.739863208661895,7.888026028259935,27.43478700781249
Soja,78.12236474710556,5.060213593333179,32.37021448887724,6.239742781683358,26.310018449001216
Acai,80.05121074518829,7.328172957282337,28.256525906038377,4.4799516948324385,27.53349824405008
Soja,56.2378215816119,7.431659992345499,28.519178458289442,8.388183293699921,32.27993345299086
Soja,75.05790052454944,6.486473948618595,25.49692302307097,3.483609082542748,26.907901674821012
Soja,44.04815947961151,6.304482015811239,30.432008100347932,5.978766914131798,28.662257391733746
Acai,52.819394155490954,7.150394288958182,26.60212366469885,3.40209922650726,22.253591275667073
Soja,65.09834386288517,7.160109609638223,22.1374331435227,4.528023732276307,27.863981884002293
Acai,81.96092593804902,6.845471590034807,31.351182556118815,5.8084143254057405,29.93645755454632
Acai,52.80228976468485,6.883546633472246,26.756652644917338,4.838780808256922,25.12468956164915
Soja,75.26753209780318,5.545784391485814,33.63548780998462,3.9888888943766228,24.920301047119885
Soja,54.472638013878154,7.23631842255299,30.202111576404505,5.160818444829115,28.07763831837549
Acai,94.32453452633938,5.573442252340646,24.477257801563518,7.449848711016253,32.62593150866506
Soja,49.92523671986867,5.445988183259339,31.140597817999716,8.658455026468246,29.878689190725233
Acai,78.63806165825332,5.786106062959301,24.245192291096238,8.045452262417443,33.565508693901585
Acai,51.22253395515019,4.868762035396163,33.784563653356685,5.899085179882011,26.724733151795647
Acai,70.87691195655498,6.009251852339509,25.242122146165492,5.168422674403118,29.666520338198357
Acai,72.20959611530535,6.499801437139858,33.340250483666466,4.3591297562166345,26.996466952598933
Acai,76.69497065483229,6.855568629445225,25.747253934821345,5.825761514608401,28.52258366760281
Soja,63.17508845540279,7.429623337563905,26.688540595651226,4.296229095057598,28.334347332237446
Soja,48.81297927654579,7.621670232687546,34.16921329211035,4.9691565216558695,26.098740339480006
Soja,48.72700594236812,7.094485142059235,22.776993932579295,6.114490710817308,29.1556840838405
Soja,76.48488261712865,6.883701168472723,23.357264222339346,6.197746719308012,28.58646043544994
Acai,89.34001361083291,6.421845550646662,32.50767175554573,5.747573966604167,29.367807884671354
Acai,84.28091861199638,6.158121227155636,36.09556809023452,7.514810025518966,32.8666751987676
Soja,42.19948216895418,7.525486330274816,29.57788921496128,3.3737507887803764,24.204597417213147
Acai,90.84249511504497,7.278582205295346,30.774706607897002,5.104914656010093,28.030226205573705
Soja,63.62592280385192,7.290817382479283,26.782985424251528,5.349154189066976,28.733140408121944
Soja,39.09124836035503,5.135656010318568,30.58362758773533,4.174667914101277,23.05373860028382
Acai,88.85963851315452,6.014386794913584,22.83182963164332,5.700351836557352,29.822744025474286
Soja,32.877938000832216,6.2756405134077005,34.7994518443827,7.765183987662505,28.540974739657987
Acai,93.32646606833117,5.615217884718991,33.10319344816251,6.736137245698785,30.793769466526555
Acai,75.97399490305479,5.809842569306298,37.02509567120467,3.635245909278776,26.50724621077567
Acai,65.62746675637284,5.885148431439357,27.969961894758136,3.8127572207681446,27.445550724179817
Acai,92.77389736637916,6.139731426096885,35.37788325131598,6.951968129638602,30.502576676581413
Soja,30.719674431487793,5.4225710611394,23.426821119969482,6.494535949243479,26.58117987880646
Acai,59.80516494147456,5.1783759937490155,37.9620527584345,4.850809688936904,26.065985989538035
Soja,38.66009349550076,5.534107900609254,33.024087581125706,5.636429938166713,25.975707587040308
Soja,46.160146601037766,6.3422371004703635,21.141962892354503,4.407852491132721,28.344769992721147
Acai,55.61693662850817,6.611099338887152,29.815930122558484,3.3034386229453734,23.39701540533659
Soja,61.377904004203174,5.225413345207427,20.086379907471823,5.8978132325121315,29.26704095757051
Acai,52.67861151564973,6.4873020351032045,33.876050995185395,7.850434433362146,28.774575263228485
Acai,93.48878236398832,6.59162814572891,32.796580834678565,8.009683234166422,33.21140077357465
Soja,62.25863952047249,6.231190480968984,29.51008554649417,7.740182617842368,32.77039840505892
Acai,86.11635558109157,6.8777853488651495,28.93555572409015,4.77814568107973,28.618424383795137
Soja,74.80456499617466,5.628047970010131,34.3347724734463,3.3608540556047113,24.34772669740372
Acai,51.89111038271324,4.550842994668743,35.741068338690475,8.08865541009378,27.981023130067875
Soja,50.630883845571326,7.567089404318857,21.10245120995019,5.4089658951677295,27.18222648224435
Soja,37.04621124873813,6.176732135299197,23.581657186524534,7.005299395748823,28.689782559492237
Acai,92.4818942221429,6.614613030130145,26.43220038921566,4.345911353121157,28.667669055008286
Soja,48.73063073132356,6.506585030993728,34.814743456040866,8.321549401255616,31.719078667663737
Acai,53.13385166730826,5.68539272283451,26.163785567763668,3.2976862400330247,24.889297109335
Acai,77.02929799467601,5.798448006628408,35.14221380641111,8.589329485856886,34.16225384150393
Acai,79.92432065641978,5.712869241764608,34.62868557311497,3.114932913307517,27.887520772796126
Acai,84.82458450785704,4.941909132836911,25.269062134383525,3.7193465608362724,27.581109725549368
Soja,37.79972601681013,5.487850818034674,29.88175050066076,5.392936685381403,25.525917110669592
Soja,78.28160165372796,7.3069622455415315,21.154298024438138,5.481294609152109,26.636721843776904
Acai,69.0146792740375,4.8766506442879605,25.101809086990283,4.905298201545531,26.525766848537167
Acai,62.4607019320014,6.620929462367148,31.431263831755153,8.562742691186696,31.264813576048024
Soja,67.03843088771022,6.70966905461395,21.08670331691838,4.94805556134036,29.090486085733247
Acai,51.050844334768364,6.637863999295538,31.979889357824145,5.4012736550980325,26.47313731186506
Soja,44.101728628565326,6.958238323555625,31.602096885299012,3.05598971896256,24.294158072748008
Acai,67.78119844689434,6.6811702848461705,29.282751867738504,4.838596936220229,27.83437780235734
Acai,88.59030519475778,7.0650906048598054,28.917539622453557,7.388918158218695,32.026092372098546
Acai,74.54443412331075,6.001872804211254,37.222771533529055,5.757504343281738,29.452786790469535
Acai,94.79468822860895,4.922408846678028,33.14287691257772,3.333633130082764,24.908891962008678
Acai,90.49250055592725,5.930530404953451,28.472438169181913,5.31358555508,30.217879346314213
Acai,78.55620878976367,5.990086268453839,23.630289613966987,6.3159736066604895,31.976748503632223
Soja,36.35302563259424,5.054330551462521,32.00880048663625,3.2500374036143054,21.909307669233677
Soja,64.78743444923086,7.312736611237465,21.80313583055913,7.815859858774262,32.06245687666141
Acai,72.40156286154306,6.374351588368207,32.881790167151564,4.9693986340700365,28.057176214184256
Acai,61.229578993227776,7.3681414308357995,31.99798559371198,3.180156031976357,23.1000045570025
Soja,76.97494707820945,6.6557205163234565,34.086015477693444,7.915133156560741,29.798202861375465
Acai,79.35009167954627,5.878994611207984,30.570505589561257,7.398000643335739,33.22143890630799
Soja,66.29778394351197,5.865891659720767,34.60233453766095,3.1548714416969217,26.152568606546136
Acai,51.65246131253695,6.367029793851739,23.18568676119787,3.6195900532502905,23.534396264013616
Soja,51.21110046234881,5.5261138358703485,33.033574767180774,6.589351764382433,28.748329820879707
Soja,52.42227609891599,6.30837958740595,34.04908538442442,7.332425629216422,31.21723216758942
Acai,77.48510319840958,6.635168417238146,23.071577792404344,4.288175324780132,27.70850457392167
Acai,80.18295403576253,4.529771463383507,37.2450402720401,7.651464311009695,30.501683034619838
Acai,53.1953449039965,6.762794920041069,31.26090807219105,3.1959543647069752,23.71397390043874
Soja,73.86865359639776,5.100597304207338,20.17430809862151,3.9002919881639055,24.354339922676093
Soja,60.91090316581305,7.953206542110657,27.3326987038538,6.363960566497026,28.085722722525432
Soja,74.62794992449889,7.418603839379184,23.98400063883059,6.346700504220149,28.704400639110354
Soja,76.83649943683673,7.908411299826106,31.41541853753042,4.041147089919052,24.36371263276749
Acai,54.528686533559,6.802702885553755,29.080728237035927,3.182782117853761,22.974622943284896
Acai,94.14443201732084,7.401105825768439,31.48544288812976,8.582390521015952,31.6556972231623
Soja,77.50309835254025,5.804190922468629,21.678794290965918,8.259904570969203,31.477661841192962
Soja,46.039003248586795,5.737873185153524,32.48201266936613,4.251063086144015,25.79070448162039
Soja,51.44970136875092,7.68900745556336,23.730714088814448,4.128148407692497,26.73710422446311
Soja,55.15681292900439,5.201229432165283,33.00547244183673,4.715440735434961,26.312884956901243
Acai,94.46161847700164,5.412596158908842,25.863943764109884,6.438253203714094,30.78681609776239
Acai,88.35187434760317,7.373369402964611,22.923714547601875,6.0091077621009985,28.838711099158914
Soja,59.89499894055426,7.629960807975035,34.96901165800006,4.368478631693595,26.776041204191596
Soja,45.54911608578311,6.900202562950177,34.17098033437115,8.926713121289325,31.753058976535648
Acai,75.62198125320273,7.435576405167422,31.588833858231006,6.499514353875341,28.046466090998347
Soja,52.8034992108518,7.514986114133413,34.16399733670151,5.915230555117954,27.906989518640682
Soja,57.47644411618678,5.067407924960352,34.47678044654069,3.557943838938793,25.7470402571346
Soja,46.8807585701814,6.596340455795946,23.30274802924717,7.772699764738375,31.51510236612016
Acai,77.383727271341,6.713608555684591,26.445644417435396,4.395035953246987,27.301175388937306
Acai,55.535148280568556,6.050095155678804,27.192188802805475,5.479035103246317,27.613742250023524
Soja,34.17503583493344,6.7922393065109254,30.24872042434469,5.604116197043251,26.797435727914216
Acai,62.45664385060876,5.2259313909511365,23.2111956369566,3.6267271086009085,25.495618802043502
Soja,78.49394133538195,7.810489217974274,31.076738138769898,7.990182262054641,28.52860597774042
Acai,85.69676076972145,4.500404079013456,26.139386274487055,4.3122588019415,27.991576098161282
Soja,51.37705091792748,5.5169596136048895,22.796573932163817,3.4765162139339196,25.516511328021483
Acai,51.96825825390263,6.240266504008364,32.18198850453399,5.129386100919325,25.47495762745558
Soja,47.46047873063304,6.831860127324898,33.07305209228564,3.4090338563129614,25.703191039136822
Acai,56.39617057070559,5.0256653163174825,32.55217229825232,8.001864062851034,29.915356586778135
Soja,70.72342412944678,5.081287977510451,25.388500540996485,4.785290707912924,26.515088444175905
Soja,70.10984903770199,6.312424766071187,21.65711169697092,3.573211883008009,26.18981654232413
Soja,31.02922471479012,6.840245587807369,23.318141627294033,7.877914432296561,29.385166694743596
Soja,31.16359678679129,6.976771825730454,27.72226030894535,6.05016328149768,26.262581010531882
Soja,68.54835899772806,7.690365229718036,23.46004717576638,7.346032902772447,30.694341894418987
Acai,65.08436213168928,5.126648172015491,32.08395551129853,7.616693364492282,30.494867091551022
Acai,70.11749947128914,6.057096840388646,30.09014645475134,3.1806232332679136,26.884329890483396
Soja,44.66053858490323,5.883397278625753,20.590153110027643,8.317174682790448,31.016084347545718
Soja,62.999202301708955,6.670288679041789,34.05842730854677,8.172086893635736,33.07717633871955
Acai,66.28639958770393,5.253004149786901,25.236066888392557,6.3731328663871505,30.053162762535276
Acai,73.54983340376336,6.060509676932254,35.43682570663083,6.475886799971628,30.748984280668598
Soja,66.12260576307526,7.631601622439325,25.527895155856417,8.3196252914428,31.808096050929556
Soja,38.04040257087493,7.044508166671788,34.95686750236567,6.901206554388921,27.802971954249102
Acai,92.22371683018173,4.557982892752803,30.56886103807476,6.394689329045978,28.833282047789663
Acai,62.97824470184356,6.133490877311595,29.076700887218166,4.33605647473851,27.1150344966553
Soja,58.50305850446825,7.681677749152873,20.96313405612701,3.658417192065021,26.335465328795365
Soja,75.66202762782356,6.191861871681102,20.59428238022536,8.73200811902357,32.34923560358063
Soja,30.82939144639281,7.690296273879276,34.717792670411356,8.267845922670418,27.622361430131125
Soja,32.272319017072896,7.065207189283209,25.94259037413883,7.367635841842591,29.07379799431537
Soja,70.46805777392568,5.331895210865621,30.424728291898138,5.75668061043592,27.627622114422884
Soja,70.18360384495573,5.183233879564591,21.37230256096632,8.964836167327006,30.710780606710756
Soja,48.389156635962664,6.068290177693539,32.38725125847144,6.6035660001637035,28.505851149671717
Soja,46.00248005153058,6.2642736517774935,29.957067914327077,7.474402696387393,30.490145825338345
Acai,75.9917014646521,5.314228141340143,37.63211127102309,4.37896035478571,28.14863193616155
Acai,77.26006622537106,4.663903260002916,34.90664084842906,5.904123435056425,29.673092608923426
Soja,79.28252270553003,6.294978638689038,29.279170673227764,3.5258564805830312,25.381739205040844
Acai,63.20699704436547,7.380406813216341,27.138594442175254,8.90140323908198,29.87929312947407
Soja,74.60232775885567,5.604881960143233,34.75966471939742,7.883821617036113,29.179827437460286
Soja,33.25257964926398,7.989910511221716,23.450132559315545,7.296904045339161,27.178266946633652
Soja,31.32556552708109,5.109649003544285,33.51052796016888,7.5302515724776695,25.807875340343497
Soja,31.57145928433671,5.506805189216494,20.867640148450946,4.151203948312458,23.6120999977373
Soja,51.59725093210579,7.961828387944833,33.73232446382063,4.460893779457796,25.38005010354251
Soja,75.4660201039391,7.01510205321757,29.38837064655514,4.539376702208182,27.01330948548683
Soja,70.3417369633632,5.729516572998362,26.80684312075459,8.95085970809618,33.37712543860572
Acai,53.75588382452225,7.028135706481665,25.974020165916805,7.775558322861015,28.831465241012236
Soja,79.33197892505876,6.6625340075473805,21.408510736841276,5.005429912176365,27.495960252761158
Soja,61.4471423389942,5.059131613263093,34.54118483502931,6.8177481238754885,30.092557923729167
Soja,76.80773870803904,6.860218267785541,23.00787090050505,8.7574598659262,32.24291763819754
Soja,72.55683357584284,6.883124159214254,21.759622834435916,3.0727246478633594,25.316984757408886
Soja,35.559874115307565,6.25631157467622,20.455805895452553,8.990085068357697,31.52401958310781
Soja,38.474637334304624,5.417816217990162,30.283479308434572,8.855242529460323,29.928498911701436
Soja,53.610746258097464,5.455708080536883,23.475075520751652,7.305586593949057,30.41328839346712
Acai,83.46172622794519,4.631699827929015,35.493218684606134,7.925886103794845,31.56590531910701
Soja,58.41543016677358,5.543699198496981,22.265868376713502,3.7283096365345734,26.901141579865385
Soja,65.12420419935546,7.6302969102852485,27.199082520756853,5.856108776212599,28.512253150154738
Acai,87.00900681507252,5.494694097201581,27.89355542070962,6.0145637229982585,31.374912428306097
Soja,57.13480415791243,6.769753060563899,31.06373452383337,5.542429521892577,29.65385817532589
Soja,38.08143570473069,6.009812834581762,20.331853272934957,4.870896798511557,26.303179854460396
Acai,92.97772301682451,7.044126268804452,34.02795187833345,3.508130051251841,25.939045365422654
Acai,75.25502547271363,6.798347798386759,37.530824726555906,7.854141841750058,30.97756998520471
Soja,77.52057420382793,5.73920609971732,25.828371519055185,5.621104215691077,27.481629306065894
Acai,68.98226803424741,4.5271154072378765,34.87191427890916,7.924176964600676,29.901534576583867
Soja,61.87149507491033,6.8201451391485675,28.119445029516058,4.779213487725931,30.223100041612586
Acai,78.53639622330816,4.909802710953517,36.83377006173484,8.035082369881792,31.681496394330825
Acai,61.54385280999115,4.526589855340407,32.743666378675314,8.806568791617373,31.0005464553106
Acai,69.37382023079934,6.81336844755566,36.209891022944575,7.064628427369767,28.763162775328535
Acai,89.58118347281882,5.178086993447999,31.56269252324325,8.337115866262579,33.4602471777252
Soja,60.37724259507192,7.438703027390233,20.55511452073239,4.867846194936022,28.095582923625205
Acai,67.28930208436101,6.7256889808761455,27.004447827365667,7.370225126037876,29.952821748644453
Acai,53.55361229858729,7.388305050759618,31.860807774811583,7.523208496259478,27.279792397757486
Acai,82.70019464316454,4.504060877146404,25.673570572063497,8.940653076521194,33.038955937629254
Soja,77.5303573468778,6.872446723547402,24.046244172754843,8.978006025763484,32.068982270824264
Acai,50.55818163247917,5.6940158788635085,24.65197083144353,5.2350535893207955,27.263904549467348
Acai,56.93652694303192,4.627266894620675,36.866232320247406,5.508868728976798,25.62000840440108
Soja,72.24376554847274,7.147916686542192,26.679578825039982,6.542086142752638,29.662674978048678
Acai,55.16459923411479,6.3408123427123755,28.45761603778546,5.05587087913513,26.401236863433102
Acai,70.53064290299939,7.479765046268892,36.53165581920517,8.595329270515872,30.633728773514168
Soja,31.867409437460722,6.758689496050392,21.990736310645904,7.424602612328913,29.04885732849707
Acai,79.87053587790152,6.6681208730946855,34.540157479745716,4.264758609300172,27.39151325671692
Acai,52.1664276190259,5.92142948519384,31.72404292953044,8.8084582887044,30.28343079367127
Acai,70.63353539968509,5.044841903269808,22.62300826700265,4.5955707037927125,27.228421003319376
Soja,30.567682238370953,6.556753115848513,30.342901265473415,6.85539119721115,28.45166517543239
Soja,49.33676731502687,6.193566797137224,21.604709582404375,5.417881072590969,28.460153017716404
Acai,89.97816525389067,5.679585603083767,31.39098410494251,3.722325472734534,28.20199342159638
Soja,68.61223846483287,6.541968467479432,24.44462180683985,6.519650779052845,31.66085066159408
Acai,94.28059234447089,4.735367448951372,34.10768267309709,6.736520419439047,28.976972299546812
Acai,57.30050326021157,6.398135636245803,34.8814450959306,7.501594583633054,28.768199835918345
Acai,61.11404595823999,6.793583383964153,34.746902355061955,7.815841874117578,29.536084923290673
Acai,70.26579405074357,5.135982164095974,35.19589179755212,6.690774843247199,30.09771838380042
Acai,68.49930211703179,7.279147820190261,27.344799450700307,8.627791388603365,32.181914041288074
Acai,63.67758805583257,5.637282146015808,25.99931114236194,4.421599949439892,28.28241222347123
Acai,90.78968540049848,5.844957166108267,26.90842559235426,8.852058800874424,34.82299986422052
Acai,90.05436658327137,4.954785224400299,36.41537433104749,7.388978784258835,30.90877751387276
Acai,81.60164447142489,4.988099231425697,22.133818910029714,6.683821837951395,31.269875414139626
Soja,47.667611401302636,5.274746219979902,30.023191978325244,6.941730937602837,28.25559561558425
Soja,79.52525710003366,7.166800795566978,23.540756950196958,3.595068597523295,24.52472021343582
Acai,51.49352095530918,4.5440801659648615,26.956910005159504,7.6366285179904745,28.002354959506366
Soja,42.386549475057876,6.356653822669422,27.472935746797084,4.756932220205789,27.31697850607621
Soja,32.0387570777382,5.559701072153917,20.095788075752505,3.6981983873128565,23.078947889852177
Acai,84.28558156721914,5.389679736617792,25.38617437711778,3.504765973556297,27.941925187905145
Acai,50.98205285489703,6.563166127291682,23.093651204959336,3.426209334264013,23.43647450191178
Acai,82.81280693972516,5.559151174800907,33.11425534229964,3.4206488378475415,28.767093391858126
Acai,57.10796702759066,6.7459357023786,36.632778621576946,4.111622132299942,24.36579154338224
Soja,66.4803089169032,5.227589984325991,29.201170838160614,7.170867324285563,30.426428480504004
Soja,42.512144908229764,6.005591724937703,20.905281259858455,5.291637837917375,27.929527018129537
Soja,69.48090713972769,6.462293594748541,27.608522130325888,3.019309581625672,27.16079052180646
Acai,84.17292180880837,4.827792630928864,35.32528602861234,6.735783201591948,30.615774407530143
Soja,48.50793501277222,6.508161170277438,32.671748421753314,3.0661875865718833,26.692372161746437
Acai,78.6243220884294,6.469893221123629,25.438602192582334,5.506001974901968,29.45615394874764
Acai,89.17602912707031,6.421428126527532,35.857530137787066,5.2288035757462605,29.054540764563594
Acai,77.04833750601048,5.728236215451055,30.91739471316813,6.812486141171459,31.98649805906958
Acai,81.75136381897211,6.932635743023756,22.623669130578087,6.778923926608246,30.505601932531984
Acai,70.2382929102743,7.061885900866266,36.497392967700165,8.840295714988926,30.73424799994494
Soja,59.28877906367316,6.416200835329998,26.32581390310183,5.76323698364484,30.745472062783158
Soja,46.26998490796339,7.491858223363187,21.23571568423764,3.3466833659782,25.075939362228482
Soja,47.923286427213625,6.476348879238614,23.273808317975963,6.642564216532684,31.22481967759927
Soja,68.03925243084487,5.545640253197434,29.116051923182887,3.7703657367247514,25.137920837271377
Soja,79.31053722398013,6.338017318873867,32.95000474357738,4.693122448159201,26.242806842815583
Soja,58.671894406164306,6.228234956573721,20.856302841339723,5.20985718304109,30.184245692492055
Soja,73.35361592900519,5.382465986995947,31.69776483340025,8.352508133641408,30.336409038451063
Acai,68.79924406737949,7.229829431563176,29.343048265549125,8.244430639831112,29.91095025249965
Acai,53.04507628550007,4.7329480040148155,28.763658190302916,3.4964210137091394,23.639551224431695
Soja,35.80363202534581,5.52916095951867,34.94500874085113,7.488439076577192,27.69032003827371
Acai,78.53468141193491,5.836624916225673,27.33805433338985,6.942182989404644,32.2578935147686
Soja,44.285604314093035,7.157137715552737,34.65761276331976,4.106857518801836,25.418947786455906
Acai,88.2777226028512,6.475621547010165,24.869834912195365,4.263041637992058,28.152098482930374
Acai,63.713799292375995,5.399401582695708,23.88082080240352,4.871276614582351,27.73297048271762
Acai,56.80610729307205,4.928550861902516,37.685899855074965,5.131918490843326,25.09962851459378
Soja,31.267537170772876,5.373988043609801,28.213885642306046,4.590278569950025,23.054013262997767
Acai,59.05904485200949,6.603509584770779,33.28222632912902,7.724231748895638,29.43713990287761
Acai,61.29349976031341,6.806768346322923,30.299215910089522,3.3753890533167095,23.74884973858008
Soja,33.88673184824924,5.410455892756884,26.952410657008585,3.413748098138527,21.752622620785132
Soja,47.54575062760394,6.900434659478442,29.586799067232505,6.853953155431364,30.638924804005104
Soja,65.6089610673768,6.046604799628986,30.40523338672233,3.348982773032855,26.238009187338236
Soja,71.09300296451781,7.742896419681497,30.5702114410497,7.950296461080372,29.166765533858904
Acai,66.85487991590546,5.496573099346814,27.168437532065504,7.514387293822727,30.8956743562479
Acai,81.61851978884823,5.225679882338667,30.9708527190232,5.603063537131465,29.73100785511983
Soja,49.30513189003871,6.678920993924653,21.9735152769089,8.624328398982714,33.01341767154488
Soja,32.90418060840997,7.732781553481527,30.384148467767787,6.4810342153639935,25.162146829115475
Soja,66.30456668613309,6.272392013907158,30.635907791763746,5.098219378475097,29.40246457101617
Acai,71.9450180879569,6.920896472651981,33.57509859767859,5.0637461193461135,27.59416001060319
Soja,65.34286719238085,7.587091126240235,34.81583584604047,4.300438800544654,25.565834919404164
Soja,34.85882468853843,7.3657916336735925,28.72957102871598,6.287756933842157,26.360543342198376
Acai,69.23703595642769,5.662946416366941,35.415869341488396,6.763973610544068,30.016516717806482
Acai,72.00040243066032,5.322214768026573,33.154172894268946,3.3037348336144445,26.08993127394637
Acai,90.16354804796808,6.39276537068749,28.708346578656354,6.188729485135832,31.388208661001798
Soja,39.32850294430179,5.830632944441611,33.1619129394557,6.971035139096272,28.679748910999752
Acai,90.61039882786288,5.162558348889027,33.1384983222068,5.127997229910497,30.2597702007448
Acai,90.63027478363944,4.673533348341482,25.925637026659377,5.680287163551122,28.108888382825686
Soja,47.97455756098776,6.026245246147722,29.000308221789556,5.255329710874616,27.692891095738382
Acai,67.81867126981047,4.901485088999079,28.93732468212183,6.970003557775135,30.76774457753135
Soja,63.1261142176991,6.074488154098521,29.23794782273457,5.901273880319549,29.437442890763762
Acai,80.08576910253113,5.571363477901508,33.46235379132958,6.938457621003941,32.74288380731313
Acai,89.68674912370898,5.981442121370786,37.2238513628286,7.755568879254808,32.623400078493276
Acai,86.28816277547779,4.650678034391921,31.584713394406105,3.3418723619842097,26.865279399982263
Soja,43.99669484729714,6.19450608077283,23.288209810370667,7.647802683826728,30.354801597209644
Acai,73.28508582897686,5.90996480447381,33.0731783523899,4.107794744084215,27.62571734042643
Soja,77.01151207124788,6.694523399787849,24.152416958525773,8.05199131734037,32.5105458462531
Soja,64.8507870497634,7.287376057222072,25.88740334610027,7.424142464326798,31.49401888305286
Soja,37.0042007618262,5.745467419443397,24.65542938385361,3.5884954847054678,24.09105295908754
Soja,45.948781514688065,5.468457792098571,33.06124851908767,6.253423232951089,27.73007543722251
Acai,73.06946389152738,6.047585708136984,32.962148957991744,5.352561461427436,29.027707162540228
Soja,48.71353978780601,6.954261165055593,30.089031773376895,7.709381862668805,31.313439270827814
Soja,60.58603731171761,6.0408596056886825,31.845477607137187,8.810932665566302,33.45751438650561
Soja,55.1318546552596,7.443724160694146,23.449319088366295,6.74337501774983,30.28073548273302
Acai,60.745829512169266,7.436943345524426,37.14773966277433,4.170999103311902,23.403971348150165
Soja,72.4611705247089,7.192602425610932,24.09889290497314,4.435080625295553,26.075622290576437
Soja,39.78955673946482,7.585356863040552,22.695246633053628,3.7903726407273712,24.356670510640672
Soja,67.66890926294708,7.700055925544316,32.57172934472165,3.884715160237704,24.73715059650461
Soja,55.56711994304689,7.391886097338661,27.207604208867433,7.721420317531771,31.51386929187904
Acai,82.49644559551577,6.703331796226774,33.19423311395395,7.256633187803849,31.996146414004915
Acai,52.863840917898905,6.234895198261082,30.00180403322603,6.981141563480714,27.91960085734029
Acai,92.15701079148914,5.398186765115044,32.967102131550426,4.611373004721855,28.877718293679855
Soja,45.965681879520744,6.770884827544423,23.087618150551524,4.8336252929412895,27.812288064939633
Soja,54.758845505563514,6.81852390335264,31.860847472584453,3.641261538568463,26.776946417689423
Soja,65.31211135782482,5.353253248670423,23.027801781844225,5.989534093580722,29.91137252859145
Soja,35.073577143301605,5.967061534924169,30.249430649097576,6.844957888141238,27.883887894325895
Acai,94.67675775495817,6.195255937358269,25.482678393288577,4.517148709500667,28.130705009308905
Acai,70.62352886878955,5.5464616019084385,25.285327019308795,7.822829342900851,31.620337319346106
Acai,87.51424828719135,6.643272492213727,37.93009775198213,5.358623445356407,29.311301060664274
Acai,66.28338919423123,7.030948992155471,24.935075142454952,4.960768235146665,26.24798449826433
Soja,44.5614570099021,5.451250673310584,20.50918967878698,8.56220726877784,30.790546637789102
Soja,55.939531087168305,6.59785179936507,32.76810371073153,5.395895494855849,29.892250371537397
Soja,68.56351733429729,5.441220442787114,25.764899707395223,3.1418315162780184,25.84971516644066
Soja,61.14452379095002,7.089952471630677,29.54645374315455,3.4275403665915514,26.785549829949108
Soja,69.25879806965068,6.4060794793849105,27.113213249861957,4.540659406323048,28.20927759137568
Acai,78.56020729642736,4.767868573576719,32.76594669756928,3.0039203445677973,25.666634822645758
Soja,68.99377729288119,6.4434203055644526,21.95129360195948,6.297177215370102,30.690482787074412
Soja,57.436689468329305,7.280683579669059,26.392719533539594,3.9121491187718886,27.432164735735082
Acai,51.56016200269175,5.176143804020297,28.86310933488231,7.904447083836656,30.766180916182467
Acai,88.62537545596044,5.296748498875818,33.97369365865184,4.664788078349725,29.842077523928918
Soja,68.75664116805572,7.556544500955621,27.934057010408182,6.609670920877987,29.361141764303685
Acai,82.13146900100854,5.186030338810826,23.063413212420354,5.175358779354568,29.66007968183001
Soja,46.25916610133736,5.7204368563345795,27.011022668748048,3.8186385153403988,25.642796489363644
Acai,90.50374323574164,7.20582059024745,31.912419200580853,3.154617592586107,25.100206350626006
Acai,73.05636998956058,6.538860998205323,33.01810606892601,3.6994984473341805,26.305024311070074
Acai,74.00239829444132,5.653065115572405,35.41047959981828,4.628952015256268,28.659138802748288
Acai,62.39215284149383,5.929007199903296,34.44840389031445,5.515097255412728,28.719637239372148
Acai,68.49594838694956,5.571088031910037,34.3649531726454,5.864102388734408,29.5744276137771
Soja,61.82052056318902,5.835771017095876,34.536539452112166,4.940229372693125,27.61819810515683
Soja,75.74321951102243,7.242828140528753,31.563827669660782,7.615829361848039,29.49085942046384
Acai,81.2367758079424,4.834536636963829,35.02601096945859,7.808674657337722,31.03359276182524
Acai,86.9539227147602,6.68658432680984,34.848033151325396,5.80015872530645,30.295461717950577
Soja,55.07581473435998,5.449752282046322,21.573952676272622,4.892441374488076,27.48300949385943
Acai,86.16215909486908,6.866797415328022,26.33290124859156,7.0365876864748005,31.513985076437077
Soja,64.59475988463467,6.786916221823533,26.770805364945133,3.368097762664009,27.841615486362528
Soja,74.92770942635397,5.403244030816923,24.85415328724312,6.036851177041465,29.18003834876077
Soja,57.280839465796745,6.322288240814684,29.47340330138781,6.27016151338163,31.44769335731282
Soja,56.385055454314994,5.093549405183854,24.90549742344858,4.792353441532638,27.26709548179586
Acai,60.22308006605817,7.170645007908523,23.127871130290316,6.64991700004663,26.842968548547365
Soja,57.760040579973115,5.839937280980853,21.01755588657758,5.922371512913616,30.781801777363324
Soja,50.87055015743895,7.140048757653657,30.851301705328773,7.536979973371476,30.718912573672885
Acai,57.86966467291817,6.639620649847853,24.55187620066173,7.3475897210857735,29.785795303811355
Soja,38.06106436270022,7.398231196727128,23.36660857754991,6.905264214283165,28.58848173231993
Soja,59.620728443102124,5.169126489952781,24.786507098648833,7.818155386995981,31.410321369326702
Soja,73.30880728874675,7.467611728769507,32.73793477347979,6.2016152803612705,27.040462217806567
Acai,61.44762113788312,4.649937085979036,29.22070580846808,5.397112707521609,26.939369392295458
Acai,91.31344484896178,6.9214666120946475,35.406533997628856,8.309130706176026,31.48303838324516
Acai,53.2270349981443,6.796640251547583,23.518686989146715,5.27424291229821,25.59291693735662
Soja,44.4875726456884,5.117936419523296,32.23749687485927,8.28047452536875,29.64635328228359
Soja,33.638150318209675,5.0551720296424,24.618949123867864,4.6189243207692865,22.83387964651377
Soja,39.79914312095726,5.086348028940017,26.028963704138633,5.4661708188402285,25.73138306025214
Soja,75.02090285816652,6.522831136053365,25.18824585429435,5.391978166633878,29.532549609142375
Acai,78.4088398891395,7.373802363170311,23.104734501033597,4.799652418662136,27.52246887531723
Acai,75.43986145572245,6.985407898347351,28.69334182563648,7.78975918325512,30.67127727891445
Acai,56.33201876219413,7.0180154770680065,32.20301195033497,6.427562819622584,27.235261459261878
Acai,94.1583690723761,7.372344057114288,32.26775035677693,7.555755041510841,30.784378930732096
Soja,74.74136752138244,6.682813914606159,31.981748536604982,8.305238780090447,31.862895624228386
Soja,51.69258246189865,7.883210952408366,30.90753604649462,6.677637494967153,28.35202975072492
Acai,85.38251897228149,5.38587148214383,26.27843244572066,7.350036457794713,33.55059841075441
Acai,69.81986076405909,6.777015847565793,37.69788652588697,3.60147338233726,24.717679521335
Acai,90.7764464644595,5.328508673462698,22.144866585285936,4.714245405965342,27.906254126044278
Acai,86.85785812377452,5.394156625918329,27.937807014882047,4.428879921994178,29.376429664440302
Soja,51.409207415865716,6.151673664119635,21.968673165235813,3.11515366093834,26.717302746120716
Soja,39.93578407670862,7.350959038223429,23.50411626574865,4.0080852464691805,25.468031838115532
Acai,66.88984585638208,7.087921413447537,28.773362306451162,8.224130732744637,30.95177131832696
Acai,84.95197506298315,5.817449449901245,22.19450834363819,5.790057105158565,31.753492727622632
Acai,56.416736483685895,6.4639520605978635,27.204649893787966,5.570747423092772,27.702097899287615
Soja,75.26909882096318,5.778270300293878,28.780315465951283,4.961589698028474,26.67236336533326
Acai,51.51261200824772,4.687372780857214,30.781738641237695,5.011674300469775,24.974438257761715
Soja,66.89484583478843,7.759566849238281,25.053436876566604,6.18181279949495,29.50305499461739
Acai,87.07056728995826,5.465009968978646,34.511359634527345,4.254356242241077,28.09805989379419
Acai,71.20255545197665,4.6445580371798885,26.301656230115096,7.563453854731694,30.732020389457723
Soja,31.52501249695247,5.4600542093482405,25.95384914302394,3.90101400490225,22.876337770361147
Acai,60.885222271647756,5.873987277010714,22.30606346299659,4.1143984320311136,26.91326102343414
Soja,44.72244460347928,5.350694122125092,31.948059364642646,6.2118607887155495,27.1602142044789
Soja,42.092614545022585,5.56113124567257,30.622581329679225,7.588858805417972,28.984324074321236
Soja,33.84899549143965,7.071184485888096,22.308438595097826,6.2400714876270635,28.01834994030036
Soja,46.54490124263246,6.477854281978608,26.263711636773927,6.566858011117038,30.153280810290813
Soja,79.64823980596502,5.786792132899476,30.01390078345377,8.644075470692043,30.60575851799857
Soja,33.52843737002149,5.615418921446022,27.300034121370544,8.513559201837326,29.156308012914096
Soja,53.27990090662301,6.750175384298362,21.3179974871725,6.8200180930032435,31.573661485739393
Acai,80.47042878807542,6.067530543256765,33.97094259278154,8.065273951716858,34.10105551581046
Soja,31.71942605576092,5.6859284165103885,24.781287543981048,6.403873317773421,26.48992672214853
Acai,80.97234061011066,5.19124998635205,28.579064287913376,3.235616485449914,26.82969035031289
Acai,56.84469274500228,4.80567716419804,36.03952074647171,3.5221033098167327,23.14778705998924
Soja,30.911091282577488,5.812234019430662,22.714654290642347,4.281068197864031,24.053469956638562
Soja,41.43990827458112,6.5102518125645705,30.440309270806885,4.402272491462599,26.96629409558412
Acai,94.25846627218499,4.688068864865597,31.812666958198065,8.819559152071145,32.48055602919506
Acai,80.11401183221352,5.279714937728499,31.690206229174585,4.883268459090164,30.02548583003683
Soja,53.18492024699911,6.082921690820081,29.05172890072067,7.508250516174274,32.560728670354514
Soja,43.54161256310371,5.339714137522265,32.222376706197686,3.590373898280384,24.44835441136026
Acai,63.73898045135291,5.302778030183914,23.766909814577645,7.5046178952663345,31.542296473524253
Soja,35.15619344179663,5.623658765438082,22.505628618514248,6.325359084792099,27.27378953907892
Acai,80.10600517980987,7.365345621875104,37.49659730719827,6.743990913173894,29.762009095609695
Acai,91.92891737447674,6.064378916164416,25.52178121447605,4.558025033702484,29.396154963653636
Acai,68.52944937130289,5.398697033861621,23.231671473039462,5.927005911264075,29.37760637306651
Acai,93.38129812244811,4.989106010794773,34.46564138233259,6.265191975022213,29.846767735383207
Soja,50.44764722071349,6.7738263072347875,27.896039914041697,4.772668664864522,28.258664352613042
Soja,42.58911479126821,5.966237496749535,25.217138118532894,8.052199766258529,30.33837899592731
Acai,85.90613718271524,5.352822278782551,22.133119075635072,5.233039531481383,29.848129317108103
Soja,72.77302920055035,7.7445377032043,22.993136763937176,3.7685744781972,25.199460113575235
Soja,76.53786628017824,5.614952886247463,32.43325048823914,7.398427776178049,28.920145063544933
Acai,90.98465727397618,5.379925832341694,31.768748080246795,8.780161922676228,33.27838152776256
Acai,62.66845392867185,7.422583331449071,22.031874163505123,3.4736364176793333,23.37494906684104
Acai,78.05326811717481,5.506831362809528,32.17504522922737,3.171914565465927,27.00643076962008
Soja,62.460515105803175,6.809456328399165,29.768494655622384,5.4594293381777295,30.055298496597842
Acai,89.55405051270202,7.25245752939597,27.395305209052033,4.629799087646218,28.015574744925793
Soja,55.42853455823514,5.266107601271167,33.916284247928196,5.129977834991624,27.463969381929882
Acai,79.30164131967534,5.916845412488945,29.102711272102045,6.059124057302746,31.051580855693437
Soja,57.92021248679025,6.995110023638766,29.267708603018207,4.323671716267268,28.950007618966165
Acai,74.59916990845048,6.821974134458287,23.641087401337437,8.599230526555838,32.66794361916153
Soja,67.72714370423412,5.2565255925634045,30.601658253281688,7.702750706912383,30.197265618982655
Soja,45.90017374859319,6.111416308374146,32.93191425898176,6.373780895267458,29.295579463436578
Soja,56.15489220850744,6.790528546750668,26.533749722193996,8.051601400750851,33.84283916768737
Acai,65.85687259743445,5.147222037529362,26.81673724534901,3.301458058937893,25.018258838456813
Acai,79.35312418663729,7.1822829075997525,25.499449807966837,5.371555892586946,28.972128260388764
Soja,48.00953207056314,6.834362706303944,30.341974537058988,7.08136667525012,30.101116518271848
Acai,79.43785706633335,7.493462567045935,32.11651445820224,5.638442919047451,27.800478236113626
Acai,76.12104204471632,7.262983563289728,37.06707178652849,4.388851282591789,26.19810864479605
Acai,76.4929184959094,6.65536184196765,22.507900245967818,5.024725673785374,27.104548226859546
Acai,52.98997299600987,4.616789889977002,28.124780230982203,6.30398027664511,27.02409005747548
Acai,63.37570134688777,5.239810904934074,23.68552775170133,3.976745935237376,26.396338889960525
Soja,34.06743903209499,6.729549426542761,30.101486499873758,3.4623496748059868,23.47272603828553
Soja,62.12096391031578,5.572063161991,33.10134857122491,4.51344612104017,27.976486887833573
Acai,58.4335374843912,7.352318123194014,30.34318438667008,4.7487654809627635,24.598353642560507
Soja,30.459852580831484,7.9698806971698355,31.556111267116897,3.6339881055704635,21.43782198300432
Soja,36.97469303260209,6.142672569893064,24.46023511058826,8.606616160833086,30.82872474523224
Soja,67.618726471884,5.420339527299357,34.008125262918576,5.4757310450917425,27.654394053698873
Acai,79.39232557390774,5.512036640307278,30.24009055535557,7.0643587793332365,32.660829287076055
Soja,70.41986740582306,7.834297189647284,30.444331638172095,3.7313165600216855,25.025077400232036
Soja,75.3177192547368,7.743235837774879,28.559146199582443,7.413978685435139,28.754739664056792
Soja,43.93232321183057,6.495326596787172,33.00941301439703,7.252468186457858,30.244594529361947
Soja,67.89230552321845,6.35731854839808,30.78802667408396,6.611289537817933,30.85088503160096
Soja,78.13242073389625,7.762525647852117,32.259466549437406,3.125669766185477,23.10792839116998
Soja,73.03652916281717,7.24241281440127,26.12679819606048,6.214966106838488,29.25010770496148
Acai,88.50817665076039,5.097645824682159,24.567401828339623,3.6695579997434846,27.861110612546195
Acai,76.92608679339915,5.1847060904810975,27.668341235475452,3.5541631686682713,26.69873070610049
Acai,65.6573635211975,7.051044003359686,23.024101545737935,6.063484544757359,27.56939799656909
Acai,72.73430481094871,7.175616434432204,25.960956324478182,4.323025580613883,26.13170377275144
Soja,69.78963347180505,6.9234428986558925,27.483322301770343,8.045229476555535,32.42307683355998
Soja,41.39675812709709,6.854764314590888,29.828629709585325,4.051817654145958,25.496817427210107
Soja,34.89170803255007,6.896792863758591,20.45978753308709,4.347693671063111,25.42940851499188
Soja,42.10276357557502,5.382740908386691,31.290749593364616,8.621746938186376,29.65682383918956
Acai,58.29011776571117,5.2404716076057065,33.42484357405003,5.2472894602774875,25.770236446589013
Acai,52.35160456787107,5.57614657625104,27.31929851437939,3.6058686409065666,25.47086427599091
Acai,82.88694342413284,5.13211489160161,37.111177323108855,8.838460787473789,33.426997150024036
Acai,67.39432280703625,5.68966104596989,36.12663706429956,3.3077630938872935,26.516450959916828
Acai,71.8515364846729,6.688034382263989,22.358814226592884,3.038274260439544,24.33928880061269
Soja,33.70223258670452,7.779762875484483,30.194709240396048,6.851829002659596,26.052772360729875
Acai,57.41178590445332,6.910448229890654,26.01428873105764,7.662295713910536,28.911723483016896
Acai,80.88472385087438,6.434497812066941,32.48277943238941,4.424871340513545,28.551090955000983
Acai,64.34900682445125,4.707022777838449,22.538822461991423,8.317090632776072,29.654212339143754
Soja,30.541882574014917,6.025452055093628,32.0850522942508,5.207644507812507,25.44487360462631
Acai,87.66685063593229,5.362228789396739,24.970347278419887,4.686298501001335,30.29974523996734
Acai,90.0616123858011,6.499156240734619,31.868537725640657,5.916782911289545,30.294426546818094
Soja,34.20534030574987,5.51503785754491,22.094768821344694,7.058807623358174,27.38735899202834
Acai,80.97822583214617,7.007477783731548,32.669558260890526,5.419263799102937,28.053602453582002
Acai,70.30577048814446,6.310479288130136,23.694492870460124,5.936355224439533,28.77692602597707
Soja,46.266516538163216,6.860928654060394,29.41258194827555,8.400138740388067,31.829106015830437
Soja,64.21165132560785,6.35163240593028,20.980345111984136,4.088630086173762,28.311019492204895
Acai,64.91061531963729,5.090777113360285,34.85660255140165,5.783890189001324,28.293575693193816
Acai,84.47291494408861,5.740928024755906,27.660626539782974,5.323935107851884,31.469778214309372
Acai,58.33985807879215,6.133446998400789,37.35780484341528,7.507062821724256,30.719496667404943
Acai,62.237737675788395,5.101423546585209,31.147935730299977,8.38419519474559,30.476475283424982
Acai,75.20756825578289,4.903305388224366,28.924270073588204,5.814643266285472,29.381568490910105
Soja,62.10158230771439,6.597768297654758,31.373947938935338,8.794932966919319,33.71400463867583
Acai,79.55510471259323,6.547851663670207,22.246318267060936,7.5746817520492105,30.62786461187586
Soja,30.27610585618012,6.1896283469638105,20.63139784454543,7.421242469665093,28.75066381013387
Soja,54.72101523512907,7.3995657678419455,22.225148014431333,5.132958062648145,28.539392917690055
Acai,88.05219633454581,7.339369539451217,31.524852254839825,4.0906732033041715,26.4537095318358
Soja,65.72979613500311,5.013896069013809,22.393170201697824,3.7283185089564386,25.42813675849137
Acai,91.17905307831694,6.38867309067521,23.482007728821877,3.8473412602388968,27.225880480295242
Soja,74.55715568490356,5.64482113577227,26.062104824765495,6.108472597432892,28.082921825830287
Soja,66.41081743059297,6.712334914006735,20.43870924551839,5.683215243029014,29.817294467201105
Soja,61.61529152967897,7.959545746378939,21.93304801210168,6.094076566178987,28.39652886971309
Soja,32.03644011594851,6.256776348513643,29.754885295204055,6.938871643989016,27.811851202775994
Acai,57.459854307347406,6.924705630027667,26.296540097081717,6.48419450732571,27.27459376836708
Soja,48.779147631997205,5.755397176720859,28.39473025230371,5.768864787748405,28.62227064168568
Soja,52.91264452457583,6.57317080798274,29.344498753452243,4.064572616818241,26.846482239565155
Acai,87.317905969254,5.535576625482632,23.875262490883735,7.146334876435571,32.374529691982126
Soja,73.42995640947302,5.891365146869525,26.10361941084306,5.173412649913731,27.32212913286143
Soja,42.89708138575778,7.788127967382757,21.53764591986019,3.7951480364510903,23.54047216571284
Acai,71.3995716869072,7.3412720013255575,35.397873276322414,6.53011332589892,27.889562576845126
Soja,44.03861812204279,6.177335322267906,32.965373747594555,5.698707892927935,27.995205604609716
Acai,55.066117568537166,4.570784893936588,33.718416784934064,4.566291157409088,24.364613228673495
Soja,76.41592812938626,7.698723719823706,29.39330482447123,5.888064909811941,26.234480495372754
Soja,69.57895218629243,7.605403927693739,24.742341574651256,7.173708878980841,30.295882388133585
Soja,57.031756080505325,6.728865080500439,20.779569254772085,5.1195084510123845,29.367098324336748
Acai,92.55641661501271,7.343064077893413,26.599386638356002,6.033052562339184,28.510882500037916
Soja,64.15033867081785,6.2262025132942895,27.384167846720523,8.0442181680672,33.38674513592176
Soja,49.4084963103261,7.326582850085032,33.685450184250364,7.658684678998348,30.240169624898204
Acai,92.37765702285162,6.2313677581149625,29.582739521857643,3.9673128718507353,27.764281183553987
Acai,90.15361241628435,7.473983704692662,25.51286277167683,6.971481795822069,28.519574370111478
Acai,77.76799322530105,4.985014308710886,23.099418843583376,5.085112771882528,28.0790124174259
Soja,40.791051374842155,6.695399550767627,21.568517605016005,3.43250601599204,25.584661677503245
Soja,48.53210735334454,7.4892254111216054,26.656253289568568,7.246085608445495,30.175346708781223
Acai,72.78197267728413,4.997249339460468,29.76151455967264,6.399631553432778,29.79346880985264
Soja,35.90824138108281,5.6932243897642145,22.452858088775344,7.133311812300544,27.838451946791235
Soja,54.689779818219534,6.421884920788617,22.647920480082625,6.470321502038455,32.72302016761423
Acai,59.3146660297292,6.208619338701311,28.230479023662006,6.5690842770114575,28.97844108481041
Acai,50.34488146921514,6.280682806136358,23.065035646627564,6.952305832362133,28.27574847399415
Acai,78.92968595264185,4.674275856241049,36.10704978949613,5.278509137515905,27.43895603703462
Acai,85.67844885652278,6.826038451209406,32.75936796840046,6.8684714914609115,30.600673528711717
Acai,85.73947981472324,7.410771329178171,28.43019519825168,5.556727427713385,29.44382162762796
Acai,75.2198283941198,5.892285478360511,27.22788067248065,4.406553600069088,29.420884214977264
Acai,56.32488354102624,4.504421466258934,24.08129071726315,4.6319916320661365,24.58727880942053
Acai,60.79433507401751,5.749513295711637,32.389157193230105,4.2266902347856385,25.72838486905405
Acai,62.36291864837838,5.996686993607826,29.743829890875954,5.155252481896142,27.916661066880824
Soja,35.67367606202946,5.773708481134819,25.12808249058029,8.85366120515949,30.604756519097194
Acai,50.24776096221893,5.810987656996863,37.48905299281214,3.194660676283122,23.74734636169392
Acai,77.13242944157577,6.271913501983914,31.295206078210867,8.631178700838783,33.09422028071817
Acai,81.16217720011514,7.177674682459424,26.234160430805716,3.940876231900834,26.948974702055786
Soja,78.49549260809971,6.254729108871857,34.81502011994971,7.308738457358967,29.1492300412225
Soja,46.951489552435035,5.344510474217611,20.68613050718769,5.205206533749188,25.99068616064984
Soja,43.86905914905663,5.816435411689888,23.409044408947274,6.661350896865848,29.42558947319542
Soja,47.79863393256308,5.673814468819946,28.330453264064467,8.879821976153103,31.889064229202983
Soja,63.87821809211412,5.520120785884265,29.253903775636132,5.283739760859481,28.298264414108008
Acai,67.75592340189408,4.536309350328322,22.085015610693535,7.9413133596709145,29.719678555008137
Soja,56.11216300274022,7.616371726832455,23.00225366367215,3.5087520962748195,26.104722100375582
Acai,56.95068862504957,6.117283658208026,35.20665062598317,3.8786175396168967,25.171991347029365
Acai,58.9143934741883,6.530463896572186,25.18387422335099,4.670210889975939,26.961012650257693
Soja,67.77755692715243,6.092809583144226,31.37357713556137,7.802139046934169,32.071463194894015
Acai,67.30300974401656,5.324111445143676,22.15966042653519,8.414478199716621,31.342713658336425
Acai,62.63074469821885,7.4434311953754655,36.03760725012542,3.403405080543367,22.80298607100972
Acai,65.32718749615813,4.883600403667253,23.076094623477886,5.587810238046088,27.07180430288065
Soja,70.17404651924244,5.535633986163001,24.877850963370424,5.76934484651874,28.355899640972673
Acai,83.92828566185528,6.8194256217560145,24.565846497915892,3.061706975614152,26.266663142196744
Acai,67.52668527060891,5.001963912003181,28.227687547068616,6.278751250368746,29.455292718708293
Acai,67.45940419760913,5.408792716921288,22.23010313715336,7.832580258275875,29.80866607484239
Acai,79.29380602179293,4.730586225828491,23.209337821665073,3.4936339456623715,26.692014732956615
Soja,57.46133323530603,7.408560345794035,23.706548510152196,4.23412357317333,27.89137117643376
Soja,32.265200488602225,7.990622755537842,25.56558144476904,4.1848229391596234,23.455135186303114
Soja,43.26011838408627,6.723419339539736,26.295909753891834,7.152968050164791,30.934544540619008
Acai,81.66586898573581,7.195681814024518,30.23893359861215,5.060320213065865,28.013023560442317
Acai,57.20112214084373,5.4758854020690935,34.22965418298284,8.680537468153444,31.353791343959994
Soja,78.79260397312673,7.209332706874168,33.06453685619128,7.647921187087091,29.049461990560882
Acai,70.0888782380712,6.273390909775549,23.4141591517523,6.342243079650211,28.68553325593857
Soja,34.56433383930668,6.139077224501801,33.02406920769888,3.893328301994668,24.411807536387762
Soja,57.717702625570034,6.0390379830978835,22.73176873533049,3.2517073405898174,27.098830331986758
Soja,59.93292420985183,7.4413850591208455,30.98337329614342,5.047486965756939,28.565926300728567
Soja,54.58079375584162,5.039283369765001,23.865243327668203,5.23300214302508,28.257537622440786
Acai,66.70275905469325,6.020761313885504,25.894346931496486,8.498523267192397,32.57324518088154
Soja,30.347606526559535,5.110049608671794,25.59032775518471,3.5800586978803177,21.50061043267043
Soja,61.87787356776066,5.386639165731948,22.50550919138113,5.425912608625753,29.235450848596916
Soja,50.519146151781484,5.6190011552173775,25.943630283539882,3.4056753815532894,25.989592947780153
Soja,30.77283082644337,5.696638085440452,31.415359864144982,5.496923989078569,24.396392680811243
Soja,34.560305152434516,7.683656680682274,20.623592885755883,6.717536024759044,25.637016046049744
Soja,56.567731578407404,5.457617128742784,34.04318369365535,7.4250501567540415,29.91746703337664
Soja,39.17022549267169,5.079100923491756,33.87872476123499,3.045377249868853,22.218466794939253
Soja,45.04391549083849,5.982492056533744,28.485979459936864,6.741514128016558,29.311989377497923
Acai,71.87002222089214,6.2448668789675805,26.224991755099502,4.532018242579465,28.0585946741387
Acai,56.301084389899295,7.061354765114001,29.460956098242722,7.80588420242019,28.215798576808787
Soja,64.7987103046849,6.5565141713782165,29.653665427947875,8.807160209070183,34.702000309138974
Soja,61.65507286366339,5.727229197245241,29.313732766512157,3.8782439529734947,26.421125099679085
Soja,55.537365128878285,5.757310833032062,23.896306756404893,5.702225617549111,29.249839094061446
Soja,65.15094794475888,5.727411510904189,27.427197905209617,3.914496079982505,27.346088265109486
Acai,69.39433492309833,4.713474855520299,26.153223188400787,4.322676025472513,25.938750300939667
Soja,70.8611100100608,6.7148380684096995,30.318285834512203,8.536543143080365,32.96024518964192
Acai,80.89654610716731,5.366654816727497,25.119603198404626,5.307666455872609,29.504130835563114
Acai,75.09689718125198,6.642979907204992,32.84050582213895,8.848143576291308,32.067844213870266
Soja,47.05331755251292,7.451216212847839,34.444880057884916,5.076598359226713,26.946236264787057
Acai,93.25109684334168,6.627962485417829,33.31835200052684,4.843298502127626,28.125012749722227
Soja,53.70869145436626,6.741765050834131,21.082976134687637,8.568501841956298,33.72279147932781
Soja,61.59186060848997,6.6561415425559405,27.967542920015482,5.691663785727256,31.49128486676213
Soja,56.48252891780032,7.308478799575811,24.514453504202244,6.637517626505865,29.462238765995227
Acai,77.56580607551686,5.0747788372044775,36.52541622213654,6.676775013219062,30.497044698503117
Acai,56.2638515605563,6.583786281759856,24.677712515788496,8.210457143681605,29.515789996376572
Soja,61.67648553804473,6.817324458070662,25.026782813887127,8.516351839286504,34.01618578352011
Soja,73.87360067635265,5.312325745953721,23.872001490516915,7.566729222258948,29.72960714504977
Soja,41.881877199619986,6.937751723994804,33.07765291617848,5.381889102445701,26.875759376565657
Soja,57.69271422006604,5.154277440452751,31.434277021649237,5.57794087643361,28.30982390119908
Soja,74.51318919454582,7.457306953022599,26.73040433933796,7.377049371914381,29.56740504337835
Soja,60.47821669899484,6.780777360662146,31.961390324103924,3.7662809018114087,28.274215330931806
Acai,84.74056143394957,6.443452337971586,37.115780140529274,5.955414424519786,29.993497364479737
Soja,77.14548519562595,5.321516034019329,30.24888145489394,8.563066916876716,29.28953479887836
Acai,88.57306656494389,4.640555725582809,33.57516508560002,7.954265709364002,31.449509157883995
Acai,68.34128938582177,7.114242102572563,33.79881737233084,3.9682041503302985,25.16014275036307
Acai,72.2395601262635,5.798187408059114,34.59819242803732,6.581464143279937,31.622585252759755
Acai,65.53504142607615,6.654993526116012,29.4278163158276,3.316591547157616,25.95479610651827
Acai,86.99464222701015,5.225795040946589,31.32681690886821,3.7560121671839655,27.74722041498291
Acai,75.74218895161854,7.223696381338858,37.95491766244721,8.629894371907897,31.144028420896934
Soja,34.2673732496884,7.767498143531887,30.597135897303517,3.0726508514093247,21.5887156453773
Acai,67.27274973702407,7.258593073968149,33.999644775233136,4.819715345095697,25.933667603516696
Soja,62.49819653888826,7.166757705179199,34.799938899007195,5.6256187443323515,29.191960085877856
Acai,62.56742398044847,5.603357963268459,32.627510159823494,4.040976302130132,26.663305877008117
Acai,54.74631649804837,4.715327418679539,28.53042705386717,5.7239394671981945,25.107664372127527
Acai,82.9173420653163,6.783113370752349,33.806678293664405,3.240354714304167,26.766418152451465
Acai,82.57878749597421,4.805411048848611,25.006726093045167,6.970666394829831,31.083582841281817
Acai,93.38078332029662,6.489141575410267,31.058891059601134,5.3709317848338305,28.747353717173684
Acai,65.63044968164792,4.557348283289292,33.72318480944449,3.510620916718712,24.84923134493073
Acai,50.45590328124845,5.575735384574619,25.864010047885337,3.4107027153961007,25.130967942077984
Soja,39.24272277627635,7.3169551752069175,20.319041162755806,6.798908253564134,28.287593658600862
Soja,38.87197718898614,5.71454834314018,21.963104910775247,4.480073187129738,25.073015776655946
Soja,57.13223173537883,6.20255425029092,25.25940396813771,6.68360150856037,31.431321849277882
Soja,60.05575058716044,7.849399739875772,23.745020132887788,6.647430556760668,28.641134399521125
Soja,55.13395116144308,7.037306957433469,29.876777519876384,7.95640578151517,32.34674594347077
Soja,34.241885704259595,5.822165662061618,34.54868069160906,3.351305575463875,23.136820855055138
Soja,32.30013210108764,6.4951033182184394,34.62189743220175,7.870618728540825,29.266847427579826
Soja,62.27361479535839,6.317404725710656,34.52290141872083,5.206556105263738,30.05621752098095
Soja,73.57302950938589,7.7626172015954396,28.701293117567168,7.016921731189141,27.828892818155243
Acai,52.93420660672214,7.165977240796196,36.12790119727637,8.029382526490803,27.83998836544616
Acai,53.67764055860502,4.698029532420724,26.22842021053823,6.380450186903125,26.942592931207315
Acai,72.74548030597025,5.1728804498551355,34.539812017203786,8.794483258918484,32.43312267835291
Acai,76.22630757875703,5.08749925240281,30.654480061409295,7.542288688191753,32.24767003922119
Acai,83.80301215137882,5.67737455868844,36.22604678304016,6.189432916120387,31.224717005189184
Acai,87.20183118836694,6.483042762741961,37.85086651305225,4.087099674300497,27.483252845752133
Soja,78.05952819119571,5.465720737792138,30.73737447023133,3.25904241478207,23.091278957715005
Acai,58.75807265171924,6.026671666773168,33.4416025805392,6.614696651799527,29.5687266778628
Acai,90.82377638176234,6.285395024717045,36.62061510197215,6.148413825968593,29.373491266788736
Acai,93.74023983341917,4.54294583300118,23.621966360850546,4.79630024223209,27.106847179831327
Acai,62.40954057131106,5.81298398444461,24.45905668550727,7.99418123796597,32.35556057954905
Soja,62.88064461501717,7.815021370463113,34.26295343375615,3.853496212123177,25.869882327029163
Acai,76.19894359673512,7.322353561509324,36.06697236161996,8.605824685004942,31.170546949337524
Acai,52.301092164894534,4.5875092909357935,32.73851957407502,4.327432178676384,23.987307680958338
Soja,52.07652506866885,5.806032078154838,20.074099714016143,6.529213601690343,29.29282021636112
Acai,82.04063091488513,5.60943976796153,33.28737328453578,7.965318313644282,33.35441638721931
Soja,77.44427686266667,6.666295116807882,21.80850328665918,4.635744004401203,27.119578451433703
Soja,30.60772373449082,6.991013496087945,28.50524391480002,3.1451505833481317,23.122602176262994
Acai,93.71897109054729,7.3818809265395995,28.2052174386709,6.461144286796202,28.560632786800124
Soja,42.93899908000085,6.8543847213736875,33.28966622354281,8.777561251425478,31.635113302493707
Soja,32.32252063599989,7.594167128765159,32.43373211226016,6.234967660051527,25.90694665614864
Acai,75.13890784026914,6.776328761271976,26.312189796676364,7.054937550624442,30.547408276781017
Acai,65.4101590475621,7.298774587709016,22.853567951822363,4.402876998558384,25.49341559424913
Acai,77.92972159210629,7.069611671243781,24.869696164627854,3.067815219534135,25.77067010151312
Soja,31.84434736772664,7.671581842219685,33.17944979532737,7.531622522980848,26.34962039868088
Acai,52.05419354760727,6.879428621990218,36.120958028357556,7.959306445148785,27.637169380841772
Soja,48.38579015297168,7.223361947870178,34.15423880251399,3.60627486606388,24.764056341870326
Acai,51.75482056587102,7.045276137271574,32.46947208788352,5.074836590462549,24.93196724634123
Acai,51.14514919575879,5.347417279110011,35.517941564083664,7.997578293445368,29.07577105188954
Soja,56.788734203737924,5.711680375207983,31.152623844374116,5.981780897434982,30.14209208440207
Acai,61.592324915017485,5.942670439809027,31.92758056083153,5.2859476420104,28.322887500519833
Acai,66.60738597924124,4.634733896986847,34.13944513862273,3.7118625944494816,25.279670254029973
Soja,74.50026709087831,7.0818453334013,29.27233601477179,3.2305580937739498,25.242245781473322
Acai,83.69718516334879,6.472060446510386,26.67812976659509,8.46363430328653,33.378646215778794
Soja,58.9140070498087,5.544793150404277,24.896919623659876,6.956123533234696,31.426397208514974
Soja,51.9485710352818,7.954523596887004,21.201722695770126,6.961816318208029,28.88951689545902
Soja,39.98368910791799,6.244458507012995,32.930639764839704,4.709237411771537,25.775300603577683
Soja,34.51448850272041,5.305347417861212,22.411398440724625,8.952948088939877,29.877520291210157
Soja,47.83766633467947,5.043633997003646,26.266501732510008,4.648836213288817,26.266015914369365
Soja,60.59264473611897,6.782392146056406,30.461304008702598,3.3616043417373653,27.26203923447539
Acai,77.6884111281411,5.311179859153577,22.219928864181526,8.070725108976209,32.177344688738636
